title,artist,genre,tempo,energy,danceability,loudness,liveness,valence,duration,acousticness,speechiness,top_year,artist_type
It's a Beautiful Day,Michael Bublé,singer-songwriter,144,80,53,-4,30,78,199,6,4,2013,Solo
Jumanji,B Young,hip hop,96,47,79,-10,10,60,173,28,25,2018,Solo
German,EO,hip hop,103,58,86,-6,19,85,171,81,7,2018,Solo
Make Me Feel,Janelle Monáe,hip hop,115,41,86,-7,33,70,194,13,18,2018,Solo
Bad Vibe,M.O,hip hop,110,70,81,-4,10,76,214,18,4,2018,Band/Group
Options,NSG,hip hop,102,62,84,-5,10,76,240,39,9,2019,Band/Group
Strike a Pose (feat. Aitch),Young T & Bugsey,hip hop,138,58,53,-6,10,59,214,1,10,2019,Duo
When We Stand Together,Nickelback,alternative,188,90,45,-4,4,88,191,0,5,2011,Band/Group
Lost,Frank Ocean,alternative,123,60,91,-5,17,50,234,3,23,2012,Solo
Thinkin Bout You,Frank Ocean,alternative,130,34,72,-11,10,20,201,41,5,2012,Solo
BURN IT DOWN,Linkin Park,alternative,110,97,59,-4,7,59,230,1,5,2012,Band/Group
Take a Walk,Passion Pit,alternative,101,76,57,-6,32,45,264,3,4,2012,Band/Group
2 On (feat. ScHoolboy Q),Tinashe,alternative,101,60,74,-8,11,43,227,15,11,2014,Solo
Closer,Lemaitre,alternative,92,79,58,-4,12,36,271,0,3,2015,Duo
Hurts So Good,Astrid S,alternative,120,63,67,-5,9,42,209,8,5,2016,Solo
"Sit Still, Look Pretty",Daya,alternative,182,74,66,-4,11,54,202,14,27,2016,Solo
Hide Away,Daya,alternative,95,80,89,-5,7,46,192,23,8,2016,Solo
Pink + White,Frank Ocean,alternative,160,55,54,-7,42,55,185,67,10,2016,Solo
Gold,Kiiara,alternative,113,41,60,-9,13,41,226,62,34,2016,Solo
History,Olivia Holt,alternative,101,63,77,-7,12,54,204,10,5,2016,Solo
Lost Boy,Ruth B.,alternative,124,6,71,-15,9,35,275,97,5,2016,Solo
Little Dark Age,MGMT,alternative,98,71,71,-6,10,62,300,1,4,2017,Band/Group
Chameleon,PNAU,alternative,120,93,72,-3,30,20,198,0,4,2017,Trio
Broccoli,Shelley FKA DRAM,alternative,146,53,89,-7,6,71,225,24,13,2017,Solo
Let's Fall in Love for the Night,FINNEAS,alternative,128,41,74,-8,17,37,190,80,10,2018,Solo
1950,King Princess,alternative,72,54,60,-7,16,27,225,65,11,2018,Solo
We No Speak Americano (Edit),Yolanda Be Cool,electronic,125,81,90,-5,9,75,157,7,5,2010,Duo
Chandelier,Sia,electronic,117,79,40,-3,7,57,216,2,5,2014,Solo
Elastic Heart,Sia,electronic,130,79,42,-5,15,50,257,1,5,2014,Solo
Say It (feat. Tove Lo),Flume,electronic,75,53,60,-7,6,26,263,7,3,2016,Solo
The Greatest (feat. Kendrick Lamar),Sia,electronic,192,73,67,-6,6,73,210,1,27,2016,Solo
Cheap Thrills (feat. Sean Paul),Sia,electronic,90,80,59,-5,8,73,225,6,22,2016,Solo
The Less I Know The Better,Tame Impala,electronic,117,74,64,-4,17,79,216,1,3,2015,Band/Group
Answerphone (feat. Yxng Bane),Banx & Ranx,electronic,113,83,67,-4,45,45,191,4,9,2018,Duo
Memories (feat. Kid Cudi),David Guetta,big room,130,87,56,-6,25,50,210,0,34,2010,Solo
Gettin' Over You (feat. Fergie & LMFAO),David Guetta,big room,130,91,62,-5,8,45,188,18,8,2010,Solo
Where Them Girls At (feat. Nicki Minaj & Flo Rida),David Guetta,big room,130,87,66,-3,23,56,210,3,4,2011,Solo
Who's That Chick? (feat. Rihanna),David Guetta,big room,128,60,68,-5,5,93,201,0,12,2011,Solo
Turn Me On (feat. Nicki Minaj),David Guetta,big room,128,79,71,-2,57,41,200,5,6,2012,Solo
Get Up (Rattle),Bingo Players,big room,128,98,80,-3,26,80,167,2,7,2013,Duo
Play Hard (feat. Ne-Yo & Akon),David Guetta,big room,130,92,69,-2,33,80,201,17,5,2013,Solo
Bad (feat. Vassy) - Radio Edit,David Guetta,big room,128,97,61,-4,33,41,171,0,9,2014,Solo
Lovers on the Sun (feat. Sam Martin),David Guetta,big room,125,89,65,-3,38,57,204,9,4,2014,Solo
Wasted,Tiësto,big room,112,82,64,-6,20,39,190,0,3,2014,Solo
Red Lights,Tiësto,big room,125,83,65,-5,12,55,262,0,4,2014,Solo
This One's for You (feat. Zara Larsson) (Official Song UEFA EURO 2016),David Guetta,big room,110,92,37,-3,9,37,207,0,5,2016,Solo
Jackie Chan,Tiësto,big room,128,83,75,-3,6,69,216,37,5,2018,Solo
The Git Up,Blanco Brown,r&b,98,68,85,-9,27,81,201,7,11,2019,Solo
Good as You,Kane Brown,r&b,154,52,63,-6,14,77,192,40,4,2019,Solo
The Flood,Take That,boy band,101,83,51,-6,12,14,289,4,4,2010,Band/Group
All Time Low,The Wanted,boy band,134,62,69,-5,8,79,205,35,5,2010,Band/Group
Glad You Came,The Wanted,boy band,127,85,72,-4,11,45,198,3,6,2011,Band/Group
What Makes You Beautiful,One Direction,boy band,125,79,73,-2,6,89,200,1,7,2012,Band/Group
Live While We're Young,One Direction,boy band,126,86,66,-2,14,93,200,5,5,2012,Band/Group
Chasing The Sun,The Wanted,boy band,128,73,64,-6,50,68,199,24,10,2012,Band/Group
Best Song Ever,One Direction,boy band,118,88,65,-3,8,49,200,2,5,2013,Band/Group
One Way or Another (Teenage Kicks),One Direction,boy band,162,87,49,-3,59,41,157,3,7,2013,Band/Group
She Looks So Perfect,5 Seconds of Summer,boy band,160,95,49,-4,33,44,202,0,13,2014,Band/Group
Amnesia,5 Seconds of Summer,boy band,102,50,57,-5,21,11,237,3,3,2014,Band/Group
Night Changes,One Direction,boy band,120,52,67,-8,12,37,227,86,4,2014,Band/Group
Steal My Girl,One Direction,boy band,77,77,54,-6,11,55,228,0,3,2014,Band/Group
Drag Me Down,One Direction,boy band,138,70,73,-6,7,60,192,11,4,2015,Band/Group
Perfect,One Direction,boy band,100,82,65,-5,12,40,230,6,8,2015,Band/Group
History,One Direction,boy band,87,70,66,-4,6,80,187,4,5,2016,Band/Group
All Night,The Vamps,boy band,145,80,54,-5,33,51,198,0,4,2017,Duo
Middle Of The Night,The Vamps,boy band,130,75,59,-4,8,40,175,0,6,2017,Duo
Youngblood,5 Seconds of Summer,boy band,120,85,60,-5,12,15,203,2,46,2018,Band/Group
Easier,5 Seconds of Summer,boy band,176,46,56,-4,11,62,158,48,26,2019,Band/Group
Sucker,Jonas Brothers,boy band,138,73,84,-5,11,95,181,4,6,2019,Band/Group
Only Human,Jonas Brothers,boy band,94,50,80,-6,6,87,183,11,7,2019,Band/Group
Rolling in the Deep,Adele,singer-songwriter,105,77,73,-5,5,51,228,14,3,2011,Solo
Set Fire to the Rain,Adele,singer-songwriter,108,67,60,-4,11,45,243,0,2,2011,Solo
Skyfall,Adele,singer-songwriter,76,55,35,-7,11,8,286,42,3,2012,Solo
Rumour Has It,Adele,singer-songwriter,120,75,61,-5,17,57,223,62,4,2012,Solo
Only Love Can Hurt Like This,Paloma Faith,singer-songwriter,91,89,57,-5,33,30,233,10,8,2014,Solo
When We Were Young,Adele,singer-songwriter,144,60,38,-6,10,27,291,30,5,2016,Solo
Send My Love (To Your New Lover),Adele,singer-songwriter,164,53,69,-8,17,57,223,4,9,2016,Solo
Hello,Adele,singer-songwriter,79,43,58,-6,9,29,296,33,3,2016,Solo
Bangarang (feat. Sirah),Skrillex,electronic,110,97,72,-2,32,58,215,1,20,2012,Solo
Alone,Marshmello,electronic,142,95,63,-4,11,42,274,2,3,2016,Solo
Happier,Marshmello,electronic,100,79,69,-3,17,67,214,19,5,2018,Solo
Silence,Marshmello,electronic,142,76,52,-3,17,29,181,26,9,2018,Solo
FRIENDS,Marshmello,electronic,95,88,63,-2,13,53,203,21,5,2018,Solo
Spotlight,Marshmello,electronic,150,82,55,-4,74,62,178,1,15,2018,Solo
Here With Me,Marshmello,electronic,100,56,79,-4,16,18,156,6,4,2019,Solo
One Thing Right,Marshmello,electronic,88,63,66,-2,58,44,182,6,5,2019,Solo
What About Us,The Saturdays,electronic,124,68,70,-5,21,69,221,1,6,2013,Band/Group
The Fox (What Does the Fox Say?),Ylvis,other,128,87,70,-4,12,55,214,11,5,2013,Duo
Clarity,Zedd,electronic,128,78,51,-3,7,18,271,4,7,2013,Solo
Stay The Night - Featuring Hayley Williams Of Paramore,Zedd,electronic,128,74,60,-3,9,46,217,11,4,2014,Solo
I Want You To Know,Zedd,electronic,130,85,58,-3,14,37,240,1,6,2015,Solo
Stay,Zedd,electronic,102,62,69,-5,12,54,210,25,6,2017,Solo
The Middle,Zedd,electronic,107,66,75,-3,11,44,185,17,4,2018,Solo
Stuck Like Glue,Sugarland,contemporary country,84,80,70,-5,5,84,248,33,6,2010,Duo
If I Die Young,The Band Perry,contemporary country,131,50,61,-7,28,36,223,35,3,2010,Band/Group
Honey Bee,Blake Shelton,contemporary country,206,85,48,-5,12,72,211,0,4,2011,Solo
Springsteen,Eric Church,contemporary country,104,81,69,-6,19,93,263,10,3,2011,Solo
Dirt Road Anthem,Jason Aldean,contemporary country,127,74,68,-5,12,64,229,35,4,2011,Solo
Just A Kiss,Lady A,contemporary country,143,64,59,-6,10,33,219,45,3,2011,Band/Group
If I Die Young,The Band Perry,contemporary country,131,50,61,-7,28,36,223,35,3,2011,Band/Group
Blown Away,Carrie Underwood,contemporary country,137,84,53,-3,3,39,240,9,4,2012,Solo
Sure Be Cool If You Did,Blake Shelton,contemporary country,137,73,58,-5,11,58,216,26,4,2013,Solo
Cruise,Florida Georgia Line,contemporary country,148,95,46,-3,5,88,209,2,4,2013,Duo
Die A Happy Man,Thomas Rhett,contemporary country,166,39,60,-9,12,40,227,42,3,2015,Solo
Tequila,Dan + Shay,contemporary country,86,58,49,-6,13,49,197,3,3,2018,Duo
Simple,Florida Georgia Line,contemporary country,200,88,36,-4,15,86,185,8,10,2018,Duo
You Make It Easy,Jason Aldean,contemporary country,132,57,38,-5,11,41,197,14,3,2018,Solo
STARSTRUKK (feat. Katy Perry),3OH!3,dance pop,140,81,61,-6,23,23,203,0,6,2010,Duo
My First Kiss (feat. Ke$ha),3OH!3,dance pop,138,89,68,-4,36,83,192,1,8,2010,Duo
The Time (Dirty Bit),Black Eyed Peas,dance pop,128,81,82,-8,60,44,308,7,7,2010,Band/Group
Imma Be,Black Eyed Peas,dance pop,92,52,60,-7,31,41,258,18,37,2010,Band/Group
Talking to the Moon,Bruno Mars,dance pop,146,59,50,-5,11,8,218,51,3,2010,Solo
Just the Way You Are,Bruno Mars,dance pop,109,84,64,-5,6,42,221,1,4,2010,Solo
Deuces (feat. Tyga & Kevin McCall),Chris Brown,dance pop,74,74,69,-5,8,22,277,3,11,2010,Solo
"All I Do Is Win (feat. T-Pain, Ludacris, Snoop Dogg & Rick Ross)",DJ Khaled,dance pop,150,78,54,-4,16,28,233,1,19,2010,Solo
Starry Eyed,Ellie Goulding,dance pop,150,81,50,-5,32,60,177,14,4,2010,Solo
I Like It,Enrique Iglesias,dance pop,129,94,65,-3,7,70,232,2,8,2010,Solo
Kickstarts,Example,dance pop,126,84,61,-4,36,66,182,0,6,2010,Solo
Club Can't Handle Me (feat. David Guetta),Flo Rida,dance pop,128,87,62,-4,6,47,235,3,3,2010,Solo
Hot - Malibu Breeze Radio Edit,INNA,dance pop,128,71,81,-8,26,51,224,6,14,2010,Solo
Replay,Iyaz,dance pop,91,75,71,-6,17,20,182,17,7,2010,Solo
Whatcha Say,Jason Derulo,dance pop,144,71,62,-6,14,71,221,4,8,2010,Solo
Ridin' Solo,Jason Derulo,dance pop,89,83,44,-4,13,58,216,13,15,2010,Solo
In My Head,Jason Derulo,dance pop,110,75,76,-4,35,85,199,3,3,2010,Solo
Down,Jay Sean,dance pop,132,68,73,-4,8,73,213,1,3,2010,Solo
Do You Remember,Jay Sean,dance pop,126,67,85,-5,10,82,211,2,7,2010,Solo
California Gurls,Katy Perry,dance pop,125,75,79,-4,16,43,235,0,6,2010,Solo
Teenage Dream,Katy Perry,dance pop,120,80,72,-5,13,59,228,2,4,2010,Solo
TiK ToK,Kesha,dance pop,120,84,76,-3,29,71,200,10,14,2010,Solo
Your Love Is My Drug,Kesha,dance pop,120,61,83,-4,9,76,187,1,10,2010,Solo
Take It Off,Kesha,dance pop,125,68,73,-5,9,74,215,0,3,2010,Solo
Blah Blah Blah (feat. 3OH!3),Kesha,dance pop,120,84,75,-3,42,52,172,8,12,2010,Solo
Cooler Than Me - Single Mix,Mike Posner,dance pop,130,82,77,-5,69,63,213,18,5,2010,Solo
Can't Be Tamed,Miley Cyrus,dance pop,117,91,63,-3,20,74,168,3,14,2010,Solo
This Ain't a Love Song,Scouting For Girls,dance pop,177,91,46,-4,38,55,211,0,5,2010,Band/Group
Eenie Meenie,Sean Kingston,dance pop,121,64,73,-3,10,84,202,3,3,2010,Solo
One - Radio Edit,Swedish House Mafia,dance pop,125,78,80,-7,15,62,170,1,4,2010,Band/Group
Miami 2 Ibiza - Swedish House Mafia vs. Tinie Tempah,Swedish House Mafia,dance pop,125,93,74,-6,40,66,206,0,7,2010,Band/Group
Dynamite,Taio Cruz,dance pop,120,78,75,-4,4,82,203,0,9,2010,Solo
Break Your Heart,Taio Cruz,dance pop,122,93,61,-4,9,57,202,3,3,2010,Solo
Carry Out (Featuring Justin Timberlake),Timbaland,dance pop,116,57,53,-7,26,27,232,11,11,2010,Solo
If We Ever Meet Again (Featuring Katy Perry),Timbaland,dance pop,126,61,65,-7,6,39,293,0,4,2010,Solo
Pass Out,Tinie Tempah,dance pop,91,89,69,-3,14,53,268,3,30,2010,Solo
Written in the Stars (feat. Eric Turner),Tinie Tempah,dance pop,123,97,62,-3,20,30,208,5,13,2010,Solo
"Hey, Soul Sister",Train,dance pop,97,89,67,-4,8,80,217,19,4,2010,Band/Group
Billionaire (feat. Bruno Mars),Travie McCoy,dance pop,87,67,63,-6,21,66,211,30,26,2010,Solo
Bottoms Up (feat. Nicki Minaj),Trey Songz,dance pop,74,60,84,-5,39,33,242,2,16,2010,Solo
Say Aah (feat. Fabolous),Trey Songz,dance pop,93,87,72,-4,83,81,208,0,11,2010,Solo
BedRock,Young Money,dance pop,148,66,73,-6,19,56,288,10,30,2010,Band/Group
Mr. Saxobeat,Alexandra Stan,dance pop,127,93,72,-4,14,78,195,3,5,2011,Solo
Love On Top,Beyoncé,dance pop,94,75,65,-5,60,65,267,8,9,2011,Solo
Best Thing I Never Had,Beyoncé,dance pop,99,65,55,-4,9,30,254,14,3,2011,Solo
Just Can’t Get Enough,Black Eyed Peas,dance pop,94,63,66,-9,11,26,219,19,18,2011,Band/Group
I Wanna Go,Britney Spears,dance pop,130,55,70,-7,33,79,210,0,4,2011,Solo
Till the World Ends,Britney Spears,dance pop,132,71,69,-6,20,45,238,2,7,2011,Solo
Grenade,Bruno Mars,dance pop,110,56,70,-7,11,25,222,15,5,2011,Solo
Marry You,Bruno Mars,dance pop,145,82,62,-5,10,45,230,33,4,2011,Solo
The Lazy Song,Bruno Mars,dance pop,175,71,79,-5,10,96,189,30,7,2011,Solo
Bounce (feat. Kelis) - Radio Edit,Calvin Harris,dance pop,128,96,78,-2,66,76,222,3,4,2011,Solo
Look At Me Now (feat. Lil' Wayne & Busta Rhymes),Chris Brown,dance pop,146,68,77,-6,14,54,223,3,18,2011,Solo
Yeah 3x,Chris Brown,dance pop,130,88,71,-3,9,70,242,0,4,2011,Solo
Beautiful People,Chris Brown,dance pop,128,78,42,-6,8,54,226,7,16,2011,Solo
Jar of Hearts,Christina Perri,dance pop,75,35,35,-6,12,9,247,73,3,2011,Solo
You Make Me Feel... (feat. Sabi),Cobra Starship,dance pop,132,86,67,-3,4,75,216,2,5,2011,Band/Group
I'm On One,DJ Khaled,dance pop,149,81,41,-3,63,44,296,5,32,2011,Solo
Tonight (I'm Fuckin' You),Enrique Iglesias,dance pop,126,88,67,-5,14,27,232,3,4,2011,Solo
Changed the Way You Kiss Me - Radio Edit,Example,dance pop,127,86,58,-4,9,19,195,1,4,2011,Solo
Stereo Hearts (feat. Adam Levine),Gym Class Heroes,dance pop,90,80,65,-3,27,80,211,3,10,2011,Band/Group
Tonight Tonight,Hot Chelle Rae,dance pop,100,78,69,-5,16,81,200,8,12,2011,Band/Group
It Girl,Jason Derulo,dance pop,92,72,67,-5,10,35,192,2,6,2011,Solo
Don't Wanna Go Home,Jason Derulo,dance pop,122,81,67,-5,13,64,206,2,7,2011,Solo
On The Floor,Jennifer Lopez,dance pop,130,78,73,-5,7,57,285,11,5,2011,Solo
Do It Like A Dude,Jessie J,dance pop,140,84,66,-4,36,38,195,5,5,2011,Solo
Last Friday Night (T.G.I.F.),Katy Perry,dance pop,126,82,65,-4,67,77,231,0,4,2011,Solo
Firework,Katy Perry,dance pop,124,83,64,-5,11,65,228,14,5,2011,Solo
E.T.,Katy Perry,dance pop,152,87,62,-5,37,76,230,2,18,2011,Solo
Pretty Girl Rock,Keri Hilson,dance pop,160,87,67,-5,9,90,244,20,25,2011,Solo
We R Who We R,Kesha,dance pop,120,82,74,-5,12,65,205,1,4,2011,Solo
Blow,Kesha,dance pop,120,73,75,-4,7,81,220,0,4,2011,Solo
Party Rock Anthem,LMFAO,dance pop,130,73,75,-4,27,36,262,2,14,2011,Duo
Sexy And I Know It,LMFAO,dance pop,130,86,71,-4,19,80,199,10,32,2011,Duo
Sure Thing,Miguel,dance pop,81,61,68,-8,19,50,195,3,10,2011,Solo
Super Bass,Nicki Minaj,dance pop,127,86,72,-4,60,67,200,27,20,2011,Solo
Heart Skips a Beat (feat. Rizzle Kicks),Olly Murs,dance pop,111,88,84,-4,8,88,202,14,6,2011,Solo
Good Life,OneRepublic,dance pop,95,69,63,-8,13,65,253,8,5,2011,Band/Group
Raise Your Glass,P!nk,dance pop,122,71,70,-5,3,62,203,0,8,2011,Solo
"Give Me Everything (feat. Ne-Yo, Afrojack & Nayer)",Pitbull,dance pop,129,94,67,-3,30,53,252,19,16,2011,Solo
Hey Baby (Drop It to the Floor) (feat. T-Pain),Pitbull,dance pop,128,91,60,-3,26,76,234,4,9,2011,Solo
Love You Like A Love Song,Selena Gomez & The Scene,dance pop,117,68,86,-4,7,92,188,8,5,2011,Band/Group
Who Says,Selena Gomez & The Scene,dance pop,101,93,68,-3,15,74,196,8,5,2011,Band/Group
Save The World,Swedish House Mafia,dance pop,127,67,51,-8,8,40,213,1,5,2011,Band/Group
Higher,Taio Cruz,dance pop,128,92,67,-5,13,70,188,0,8,2011,Solo
Black and Yellow,Wiz Khalifa,dance pop,164,83,68,-5,27,54,218,6,7,2011,Solo
Roll Up,Wiz Khalifa,dance pop,125,81,52,-5,9,60,228,5,19,2011,Solo
Years,Alesso,dance pop,128,82,37,-6,17,32,195,0,8,2012,Solo
Levels - Radio Edit,Avicii,dance pop,126,89,58,-6,31,46,200,5,3,2012,Solo
Silhouettes - Original Radio Edit,Avicii,dance pop,128,80,61,-6,12,84,212,16,5,2012,Solo
212,Azealia Banks,dance pop,126,77,85,-6,8,62,205,1,26,2012,Solo
Locked out of Heaven,Bruno Mars,dance pop,144,70,73,-4,31,87,233,5,4,2012,Solo
It Will Rain,Bruno Mars,dance pop,150,84,58,-7,8,48,258,34,5,2012,Solo
Feel So Close - Radio Edit,Calvin Harris,dance pop,128,92,71,-3,20,92,206,0,3,2012,Solo
Let's Go (feat. Ne-Yo),Calvin Harris,dance pop,128,88,71,-3,29,88,233,1,6,2012,Solo
We'll Be Coming Back (feat. Example),Calvin Harris,dance pop,128,95,60,-4,60,57,234,0,9,2012,Solo
Want U Back,Cher Lloyd,dance pop,98,89,69,-3,56,56,215,6,9,2012,Solo
Turn Up the Music,Chris Brown,dance pop,130,84,59,-6,16,64,228,0,10,2012,Solo
In The Dark,DEV,dance pop,125,82,74,-4,33,44,226,0,7,2012,Solo
Lights - Single Version,Ellie Goulding,dance pop,120,80,68,-6,13,78,211,3,4,2012,Solo
Good Feeling,Flo Rida,dance pop,128,89,71,-4,31,68,248,6,7,2012,Solo
Ass Back Home (feat. Neon Hitch),Gym Class Heroes,dance pop,130,84,72,-4,15,65,222,13,5,2012,Band/Group
Brokenhearted,Karmin,dance pop,120,77,77,-3,5,89,227,1,6,2012,Duo
The One That Got Away,Katy Perry,dance pop,134,79,69,-4,20,86,227,0,4,2012,Solo
Part Of Me,Katy Perry,dance pop,130,92,68,-5,7,77,216,0,4,2012,Solo
Die Young,Kesha,dance pop,128,70,71,-5,22,80,212,0,5,2012,Solo
C'Mon,Kesha,dance pop,126,78,56,-5,10,29,214,1,10,2012,Solo
Sexy And I Know It,LMFAO,dance pop,130,86,71,-4,19,80,199,10,32,2012,Duo
Adorn,Miguel,dance pop,179,58,63,-6,19,24,193,5,18,2012,Solo
Starships,Nicki Minaj,dance pop,125,72,75,-2,25,75,211,14,8,2012,Solo
Pound The Alarm,Nicki Minaj,dance pop,125,86,73,-4,2,59,206,4,6,2012,Solo
Troublemaker (feat. Flo Rida),Olly Murs,dance pop,106,86,76,-4,13,97,186,2,6,2012,Solo
Blow Me (One Last Kiss),P!nk,dance pop,114,92,60,-3,28,73,256,0,4,2012,Solo
R.I.P. (feat. Tinie Tempah),Rita Ora,dance pop,72,83,61,-3,65,35,228,3,5,2012,Solo
Candy,Robbie Williams,dance pop,116,79,72,-7,7,88,201,4,4,2012,Solo
Feel the Love (feat. John Newman),Rudimental,dance pop,180,71,39,-7,69,24,245,0,6,2012,Band/Group
Don't You Worry Child - Radio Edit,Swedish House Mafia,dance pop,129,84,61,-3,12,44,213,11,5,2012,Band/Group
Drive By,Train,dance pop,122,84,77,-3,8,72,196,0,3,2012,Band/Group
50 Ways to Say Goodbye,Train,dance pop,140,94,59,-3,14,74,248,0,5,2012,Band/Group
Heart Attack,Trey Songz,dance pop,150,86,61,-5,23,48,233,6,13,2012,Solo
Rack City,Tyga,dance pop,99,34,93,-11,19,27,203,4,37,2012,Solo
Faded,Tyga,dance pop,95,67,83,-8,35,34,207,1,19,2012,Solo
Anna Sun,WALK THE MOON,dance pop,140,84,47,-7,24,34,321,0,5,2012,Band/Group
"Work Hard, Play Hard",Wiz Khalifa,dance pop,140,67,79,-4,30,49,219,4,5,2012,Solo
The Way,Ariana Grande,dance pop,82,88,65,-3,8,86,227,29,11,2013,Solo
Wake Me Up,Avicii,dance pop,124,78,53,-6,16,64,247,0,5,2013,Solo
I Could Be The One (Avicii Vs. Nicky Romero) - Radio Edit,Avicii,dance pop,128,79,51,-4,32,64,208,33,4,2013,Solo
Ready or Not,Bridgit Mendler,dance pop,93,87,72,-4,11,75,201,0,5,2013,Solo
Work Bitch,Britney Spears,dance pop,128,82,63,-7,7,85,248,16,16,2013,Solo
Locked out of Heaven,Bruno Mars,dance pop,144,70,73,-4,31,87,233,5,4,2013,Solo
When I Was Your Man,Bruno Mars,dance pop,73,28,61,-9,9,39,214,93,4,2013,Solo
Treasure,Bruno Mars,dance pop,116,69,87,-5,32,94,179,4,4,2013,Solo
Sweet Nothing (feat. Florence Welch),Calvin Harris,dance pop,128,93,57,-4,6,58,213,20,11,2013,Solo
I Need Your Love (feat. Ellie Goulding),Calvin Harris,dance pop,125,87,70,-5,24,58,235,41,5,2013,Solo
Thinking About You (feat. Ayah Marar),Calvin Harris,dance pop,128,87,73,-4,10,75,248,0,4,2013,Solo
Drinking from the Bottle (feat. Tinie Tempah),Calvin Harris,dance pop,128,89,67,-4,5,53,240,5,5,2013,Solo
Fine China,Chris Brown,dance pop,104,73,65,-5,12,59,213,4,6,2013,Solo
Body Party,Ciara,dance pop,134,58,58,-6,60,12,234,1,6,2013,Solo
Heart Attack,Demi Lovato,dance pop,174,79,50,-5,24,50,211,7,10,2013,Solo
I Cry,Flo Rida,dance pop,126,82,69,-5,32,76,224,1,4,2013,Solo
Talk Dirty (feat. 2 Chainz),Jason Derulo,dance pop,100,65,76,-7,31,76,178,3,23,2013,Solo
The Other Side,Jason Derulo,dance pop,128,84,56,-4,14,52,227,5,10,2013,Solo
Love Me Again,John Newman,dance pop,126,89,50,-5,10,21,240,0,4,2013,Solo
Mirrors,Justin Timberlake,dance pop,77,51,57,-7,9,51,484,23,5,2013,Solo
Suit & Tie (feat. Jay-Z),Justin Timberlake,dance pop,102,60,80,-4,16,36,326,10,22,2013,Solo
This Is How We Do,Katy Perry,dance pop,96,64,69,-6,15,80,204,2,5,2013,Solo
Somewhere Only We Know,Lily Allen,dance pop,81,29,31,-11,10,29,209,93,3,2013,Solo
Can't Hold Us (feat. Ray Dalton),Macklemore & Ryan Lewis,dance pop,146,92,64,-4,9,85,258,3,8,2013,Duo
Thrift Shop (feat. Wanz),Macklemore & Ryan Lewis,dance pop,95,53,78,-7,5,67,236,6,29,2013,Duo
Same Love (feat. Mary Lambert),Macklemore & Ryan Lewis,dance pop,85,47,69,-9,10,30,319,72,17,2013,Duo
Animals - Radio Edit,Martin Garrix,dance pop,128,91,59,-5,7,4,176,0,4,2013,Solo
We Can't Stop,Miley Cyrus,dance pop,80,62,61,-6,37,48,231,1,3,2013,Solo
Hey Porsche,Nelly,dance pop,116,79,73,-5,65,95,209,15,3,2013,Solo
True Love (feat. Lily Allen),P!nk,dance pop,192,82,46,-5,11,58,231,0,31,2013,Solo
Feel This Moment (feat. Christina Aguilera),Pitbull,dance pop,136,76,67,-4,34,54,230,4,16,2013,Solo
Don't Stop the Party (feat. TJR),Pitbull,dance pop,127,96,72,-4,38,95,206,1,9,2013,Solo
Waiting All Night (feat. Ella Eyre),Rudimental,dance pop,175,73,54,-5,43,28,293,0,5,2013,Solo
Reload - Radio Edit,Sebastian Ingrosso,dance pop,128,72,49,-5,6,43,221,7,5,2013,Solo
Come & Get It,Selena Gomez,dance pop,80,79,55,-4,8,57,232,1,5,2013,Solo
Scream & Shout,will.i.am,dance pop,130,69,77,-7,13,50,283,2,7,2013,Solo
#thatPOWER,will.i.am,dance pop,128,61,80,-6,7,40,280,0,6,2013,Solo
Heroes (we could be),Alesso,dance pop,126,75,52,-4,24,35,210,4,6,2014,Solo
Love Me Harder,Ariana Grande,dance pop,99,71,47,-4,8,24,236,1,3,2014,Solo
Problem,Ariana Grande,dance pop,103,81,66,-5,16,63,194,2,15,2014,Solo
Break Free,Ariana Grande,dance pop,130,70,69,-5,20,28,215,1,5,2014,Solo
Hey Brother,Avicii,dance pop,125,78,55,-5,8,46,255,3,4,2014,Solo
Shower,Becky G,dance pop,120,53,70,-8,28,12,206,3,5,2014,Solo
Drunk in Love (feat. Jay-Z),Beyoncé,dance pop,140,62,59,-7,18,40,323,1,5,2014,Solo
Summer,Calvin Harris,dance pop,128,86,60,-4,14,74,223,2,3,2014,Solo
Blame (feat. John Newman),Calvin Harris,dance pop,128,86,41,-4,34,35,213,3,8,2014,Solo
Under Control (feat. Hurts),Calvin Harris,dance pop,126,92,54,-3,12,51,184,13,8,2014,Solo
Loyal (feat. Lil Wayne & Tyga),Chris Brown,dance pop,99,52,84,-6,19,62,265,2,5,2014,Solo
New Flame (feat. Usher & Rick Ross),Chris Brown,dance pop,142,63,70,-4,10,45,244,5,4,2014,Solo
Rather Be (feat. Jess Glynne),Clean Bandit,dance pop,121,59,80,-7,19,55,228,16,4,2014,Band/Group
Turn Down for What,DJ Snake,dance pop,100,80,82,-4,6,8,214,0,16,2014,Solo
You Know You Like It,DJ Snake,dance pop,196,73,41,-5,31,25,247,1,19,2014,Solo
Cool Kids,Echosmith,dance pop,130,67,72,-6,12,79,238,4,3,2014,Band/Group
Ugly Heart,G.R.L.,dance pop,125,79,65,-5,32,45,198,2,5,2014,Band/Group
Talk Dirty (feat. 2 Chainz),Jason Derulo,dance pop,100,65,76,-7,31,76,178,3,23,2014,Solo
Wiggle (feat. Snoop Dogg),Jason Derulo,dance pop,82,62,70,-7,16,72,193,8,25,2014,Solo
Trumpets,Jason Derulo,dance pop,82,69,64,-5,10,64,217,56,26,2014,Solo
Bang Bang,Jessie J,dance pop,150,79,71,-3,38,75,199,26,9,2014,Solo
Not a Bad Thing,Justin Timberlake,dance pop,86,56,31,-9,13,11,688,53,7,2014,Solo
Dark Horse,Katy Perry,dance pop,132,59,65,-6,17,35,216,0,5,2014,Solo
Show Me (feat. Chris Brown),Kid Ink,dance pop,98,51,71,-7,14,66,218,4,5,2014,Solo
All About That Bass,Meghan Trainor,dance pop,134,89,81,-4,12,96,188,6,5,2014,Solo
Classic,MKTO,dance pop,102,79,72,-5,16,76,175,4,12,2014,Duo
Jealous - Remix,Nick Jonas,dance pop,93,71,68,-4,44,45,222,1,8,2014,Solo
Anaconda,Nicki Minaj,dance pop,130,61,96,-6,21,65,260,7,18,2014,Solo
Gecko (Overdrive) - Radio Edit,Oliver Heldens,dance pop,125,89,61,-5,34,76,165,1,6,2014,Solo
Wrapped Up,Olly Murs,dance pop,122,84,79,-5,16,92,186,9,6,2014,Solo
Post to Be (feat. Chris Brown & Jhene Aiko),Omarion,dance pop,97,68,73,-6,21,70,227,7,4,2014,Solo
Counting Stars,OneRepublic,dance pop,122,71,66,-5,12,48,258,7,4,2014,Band/Group
Love Runs Out,OneRepublic,dance pop,120,94,72,-4,10,74,224,17,6,2014,Band/Group
Timber (feat. Ke$ha),Pitbull,dance pop,130,96,58,-4,14,79,204,3,10,2014,Solo
Stay With Me,Sam Smith,dance pop,84,42,42,-6,11,18,173,59,4,2014,Solo
Money On My Mind,Sam Smith,dance pop,134,84,69,-5,23,74,193,20,18,2014,Solo
Nobody To Love,Sigma,dance pop,88,91,52,-3,20,23,190,0,4,2014,Solo
#SELFIE,The Chainsmokers,dance pop,128,92,79,-3,8,66,184,1,25,2014,Duo
Na Na,Trey Songz,dance pop,97,48,67,-6,10,24,232,33,4,2014,Solo
Ghost Town,Adam Lambert,dance pop,120,74,70,-6,17,27,208,19,5,2015,Solo
"Honey, I'm Good.",Andy Grammer,dance pop,122,78,75,-7,35,60,199,3,5,2015,Solo
Love Me Harder,Ariana Grande,dance pop,99,71,47,-4,8,24,236,1,3,2015,Solo
The Nights,Avicii,dance pop,126,84,53,-5,25,65,177,2,4,2015,Solo
Waiting For Love,Avicii,dance pop,128,74,58,-4,20,61,231,31,5,2015,Solo
  7/11,Beyoncé,dance pop,136,71,75,-5,13,56,214,1,13,2015,Solo
Outside (feat. Ellie Goulding),Calvin Harris,dance pop,128,82,65,-4,32,42,227,21,4,2015,Solo
How Deep Is Your Love,Calvin Harris,dance pop,122,87,74,-4,39,34,213,4,7,2015,Solo
Ayo,Chris Brown,dance pop,98,56,82,-5,9,68,225,4,4,2015,Solo
Cool for the Summer,Demi Lovato,dance pop,114,61,58,-6,14,34,215,0,4,2015,Solo
Confident,Demi Lovato,dance pop,130,75,59,-6,9,34,206,0,7,2015,Solo
Five More Hours,Deorro,dance pop,128,88,70,-3,82,50,212,3,22,2015,Solo
You Know You Like It,DJ Snake,dance pop,196,73,41,-5,31,25,247,1,19,2015,Solo
"Love Me Like You Do - From ""Fifty Shades Of Grey""",Ellie Goulding,dance pop,190,61,26,-7,13,28,253,25,5,2015,Solo
On My Mind,Ellie Goulding,dance pop,155,71,70,-7,9,74,213,26,5,2015,Solo
My House,Flo Rida,dance pop,94,70,69,-5,13,74,192,2,5,2015,Solo
GDFR (feat. Sage the Gemini & Lookas),Flo Rida,dance pop,146,83,66,-4,7,69,190,0,7,2015,Solo
Runaway (U & I),Galantis,dance pop,126,81,51,-4,9,38,227,1,5,2015,Duo
Love Myself,Hailee Steinfeld,dance pop,123,76,62,-7,42,32,219,0,7,2015,Solo
Lean On,Major Lazer,dance pop,98,81,72,-3,56,27,177,0,6,2015,Trio
Light It Up - Remix,Major Lazer,dance pop,108,88,75,-4,23,75,166,4,7,2015,Trio
Uptown Funk (feat. Bruno Mars),Mark Ronson,dance pop,115,61,86,-7,3,93,270,1,8,2015,Solo
Intoxicated - Radio Edit,Martin Solveig,dance pop,125,69,79,-4,10,50,160,0,4,2015,Solo
Post to Be (feat. Chris Brown & Jhene Aiko),Omarion,dance pop,97,68,73,-6,21,70,227,7,4,2015,Solo
Time of Our Lives,Pitbull,dance pop,124,80,72,-6,69,72,229,9,6,2015,Solo
Sugar (feat. Francesco Yates),Robin Schulz,dance pop,123,82,64,-5,16,64,219,2,6,2015,Solo
Lay It All on Me (feat. Ed Sheeran),Rudimental,dance pop,123,75,67,-7,19,48,242,14,4,2015,Band/Group
Like I Can,Sam Smith,dance pop,100,63,66,-7,12,48,167,34,4,2015,Solo
You Don't Own Me (feat. G-Eazy),SAYGRACE,dance pop,186,66,34,-6,6,29,199,17,10,2015,Solo
Same Old Love,Selena Gomez,dance pop,98,59,67,-4,21,44,229,2,3,2015,Solo
Hands To Myself,Selena Gomez,dance pop,111,50,81,-7,34,47,201,1,12,2015,Solo
Good For You,Selena Gomez,dance pop,89,68,61,-6,9,21,222,18,5,2015,Solo
Easy Love,Sigala,dance pop,124,94,68,-4,12,65,230,18,6,2015,Solo
Slow Motion,Trey Songz,dance pop,95,41,73,-8,11,29,198,68,4,2015,Solo
Na Na,Trey Songz,dance pop,97,48,67,-6,10,24,232,33,4,2015,Solo
Shut Up and Dance,WALK THE MOON,dance pop,128,87,58,-4,26,62,199,1,6,2015,Band/Group
See You Again (feat. Charlie Puth),Wiz Khalifa,dance pop,80,48,69,-8,6,28,230,37,8,2015,Solo
King,Years & Years,dance pop,120,86,56,-4,38,43,215,6,4,2015,Band/Group
Alarm,Anne-Marie,dance pop,147,59,76,-5,18,81,206,8,23,2016,Solo
Into You,Ariana Grande,dance pop,108,73,62,-6,14,37,244,2,11,2016,Solo
Side To Side,Ariana Grande,dance pop,159,74,65,-6,24,61,226,5,23,2016,Solo
Dangerous Woman,Ariana Grande,dance pop,134,60,66,-5,36,29,236,5,4,2016,Solo
Sorry,Beyoncé,dance pop,130,60,78,-7,25,36,233,0,5,2016,Solo
This Is What You Came For (feat. Rihanna),Calvin Harris,dance pop,124,93,63,-3,15,47,222,20,3,2016,Solo
My Way,Calvin Harris,dance pop,120,91,82,-3,16,54,219,9,4,2016,Solo
We Don't Talk Anymore (feat. Selena Gomez),Charlie Puth,dance pop,100,56,73,-8,18,35,218,62,13,2016,Solo
One Call Away,Charlie Puth,dance pop,91,61,67,-5,12,47,194,40,3,2016,Solo
Dangerously,Charlie Puth,dance pop,112,52,70,-8,20,23,199,36,4,2016,Solo
Sex,Cheat Codes,dance pop,102,69,51,-6,14,21,228,0,17,2016,Trio
Back To Sleep,Chris Brown,dance pop,93,65,65,-5,9,72,201,4,24,2016,Solo
Tears (feat. Louisa Johnson),Clean Bandit,dance pop,130,77,61,-4,16,30,226,4,4,2016,Band/Group
Let Me Love You,DJ Snake,dance pop,100,72,65,-5,14,16,206,9,3,2016,Solo
Middle,DJ Snake,dance pop,105,70,58,-5,5,22,221,1,4,2016,Solo
Cake By The Ocean,DNCE,dance pop,119,75,77,-5,4,90,219,15,5,2016,Band/Group
Hotter Than Hell,Dua Lipa,dance pop,110,87,53,-4,6,53,188,1,9,2016,Solo
DUELE EL CORAZON (feat. Wisin),Enrique Iglesias,dance pop,91,91,72,-3,14,87,200,9,10,2016,Solo
Work from Home (feat. Ty Dolla $ign),Fifth Harmony,dance pop,105,59,80,-6,6,59,214,10,4,2016,Band/Group
All In My Head (Flex) (feat. Fetty Wap),Fifth Harmony,dance pop,95,79,69,-5,5,76,211,2,5,2016,Band/Group
My House,Flo Rida,dance pop,94,70,69,-5,13,74,192,2,5,2016,Solo
No Money,Galantis,dance pop,126,92,67,-4,24,80,189,3,4,2016,Duo
Starving,Hailee Steinfeld,dance pop,100,62,73,-4,11,51,182,38,6,2016,Solo
Perfect Strangers,Jonas Blue,dance pop,118,86,73,-4,21,70,197,39,5,2016,Solo
Fast Car,Jonas Blue,dance pop,114,58,67,-7,31,55,212,47,6,2016,Solo
"CAN'T STOP THE FEELING! (from DreamWorks Animation's ""TROLLS"")",Justin Timberlake,dance pop,113,83,67,-6,10,70,238,1,7,2016,Solo
Shout Out to My Ex,Little Mix,dance pop,126,75,77,-4,11,80,246,2,9,2016,Band/Group
Cold Water,Major Lazer,dance pop,93,80,61,-5,16,50,185,7,4,2016,Trio
In the Name of Love,Martin Garrix,dance pop,134,52,50,-6,45,17,196,11,4,2016,Solo
NO,Meghan Trainor,dance pop,92,80,56,-4,74,66,214,1,21,2016,Solo
The Ocean (feat. Shy Martin),Mike Perry,dance pop,90,57,63,-6,10,19,183,2,3,2016,Solo
I Took A Pill In Ibiza - Seeb Remix,Mike Posner,dance pop,102,71,66,-7,8,71,198,4,11,2016,Solo
This Town,Niall Horan,dance pop,112,41,68,-8,12,20,233,70,3,2016,Solo
Close,Nick Jonas,dance pop,124,62,65,-5,14,40,234,25,8,2016,Solo
Wherever I Go,OneRepublic,dance pop,100,68,54,-6,24,35,170,10,4,2016,Band/Group
"Just Like Fire (From the Original Motion Picture ""Alice Through The Looking Glass"")",P!nk,dance pop,163,70,63,-6,11,52,215,1,15,2016,Solo
You Don't Own Me (feat. G-Eazy),SAYGRACE,dance pop,186,64,33,-6,6,26,201,16,9,2016,Solo
Same Old Love,Selena Gomez,dance pop,98,59,67,-4,21,44,229,2,3,2016,Solo
Hands To Myself,Selena Gomez,dance pop,111,50,81,-7,34,47,201,1,12,2016,Solo
Sweet Lovin' - Radio Edit,Sigala,dance pop,125,85,68,-3,34,71,202,21,7,2016,Solo
Just Hold On,Steve Aoki,dance pop,115,93,65,-4,6,39,199,0,8,2016,Solo
Closer,The Chainsmokers,dance pop,95,52,75,-6,11,66,245,41,3,2016,Duo
Don't Let Me Down,The Chainsmokers,dance pop,160,87,53,-5,14,42,208,16,17,2016,Duo
Roses,The Chainsmokers,dance pop,100,80,71,-7,31,34,227,4,6,2016,Duo
Once In a While,Timeflies,dance pop,105,69,79,-6,62,35,215,1,14,2016,Duo
Girls Like (feat. Zara Larsson),Tinie Tempah,dance pop,120,80,92,-3,8,54,196,37,5,2016,Solo
Never Forget You,Zara Larsson,dance pop,146,73,58,-6,27,28,213,0,5,2016,Solo
PILLOWTALK,ZAYN,dance pop,125,70,58,-4,9,44,203,12,5,2016,Solo
More Than You Know,Axwell /\ Ingrosso,dance pop,123,74,65,-5,31,57,203,3,3,2017,Duo
That's What I Like,Bruno Mars,dance pop,134,56,85,-5,9,86,207,1,4,2017,Solo
24K Magic,Bruno Mars,dance pop,107,80,82,-4,15,63,226,3,8,2017,Solo
"Feels (feat. Pharrell Williams, Katy Perry & Big Sean)",Calvin Harris,dance pop,101,75,89,-3,9,87,223,6,6,2017,Solo
Slide (feat. Frank Ocean & Migos),Calvin Harris,dance pop,104,80,74,-3,25,51,231,50,5,2017,Solo
Havana (feat. Young Thug),Camila Cabello,dance pop,105,52,77,-4,13,39,217,18,3,2017,Solo
Bodak Yellow,Cardi B,dance pop,125,70,93,-6,23,49,224,7,10,2017,Solo
No Promises (feat. Demi Lovato),Cheat Codes,dance pop,113,62,74,-7,11,58,223,6,16,2017,Trio
Rockabye (feat. Sean Paul & Anne-Marie),Clean Bandit,dance pop,102,76,72,-4,18,74,251,41,5,2017,Band/Group
Sorry Not Sorry,Demi Lovato,dance pop,144,64,71,-7,26,89,204,2,23,2017,Solo
"I'm the One (feat. Justin Bieber, Quavo, Chance the Rapper & Lil Wayne)",DJ Khaled,dance pop,81,67,60,-4,13,82,289,5,4,2017,Solo
Wild Thoughts (feat. Rihanna & Bryson Tiller),DJ Khaled,dance pop,98,68,61,-3,13,62,205,3,8,2017,Solo
Most Girls,Hailee Steinfeld,dance pop,103,57,76,-7,9,42,204,5,8,2017,Solo
Now Or Never,Halsey,dance pop,110,59,67,-5,13,45,215,11,4,2017,Solo
Strip That Down (feat. Quavo),Liam Payne,dance pop,106,50,87,-5,8,55,202,20,5,2017,Solo
Touch (feat. Kid Ink),Little Mix,dance pop,102,75,64,-4,49,55,203,4,11,2017,Band/Group
Sky Walker (feat. Travis Scott),Miguel,dance pop,146,51,67,-11,9,18,259,17,4,2017,Solo
Malibu,Miley Cyrus,dance pop,140,78,57,-6,8,34,232,8,6,2017,Solo
Slow Hands,Niall Horan,dance pop,86,43,74,-7,6,85,188,1,5,2017,Solo
Too Good At Goodbyes,Sam Smith,dance pop,92,37,68,-8,17,48,201,64,4,2017,Solo
No Lie,Sean Paul,dance pop,102,88,74,-3,21,46,221,5,12,2017,Solo
Fetish (feat. Gucci Mane),Selena Gomez,dance pop,123,62,71,-4,6,27,186,2,6,2017,Solo
Something Just Like This,The Chainsmokers,dance pop,103,64,62,-7,16,45,247,5,3,2017,Duo
Paris,The Chainsmokers,dance pop,100,66,65,-6,9,22,222,2,3,2017,Duo
I Would Like,Zara Larsson,dance pop,121,71,49,-4,8,30,227,9,5,2017,Solo
God is a woman,Ariana Grande,dance pop,145,66,60,-6,24,27,198,2,6,2018,Solo
no tears left to cry,Ariana Grande,dance pop,122,71,70,-6,29,35,206,4,6,2018,Solo
Mine,Bazzi,dance pop,143,79,71,-4,45,72,131,2,7,2018,Solo
Finesse - Remix; feat. Cardi B,Bruno Mars,dance pop,105,86,70,-5,2,93,217,2,10,2018,Solo
One Kiss (with Dua Lipa),Calvin Harris,dance pop,124,86,79,-3,8,59,215,4,11,2018,Solo
Never Be the Same,Camila Cabello,dance pop,130,71,64,-4,14,24,227,18,7,2018,Solo
I Like It,Cardi B,dance pop,136,73,82,-4,37,65,253,10,13,2018,Solo
Bodak Yellow,Cardi B,dance pop,125,70,93,-6,23,49,224,7,10,2018,Solo
Be Careful,Cardi B,dance pop,152,57,82,-8,10,54,211,3,41,2018,Solo
Miss You (with Major Lazer & Tory Lanez),Cashmere Cat,dance pop,100,64,75,-5,11,45,186,25,9,2018,Solo
How Long,Charlie Puth,dance pop,110,56,85,-5,4,81,201,21,8,2018,Solo
Done for Me (feat. Kehlani),Charlie Puth,dance pop,112,63,86,-4,7,70,180,19,7,2018,Solo
The Way I Am,Charlie Puth,dance pop,115,77,76,-6,6,64,186,31,19,2018,Solo
No Brainer,DJ Khaled,dance pop,136,76,55,-5,9,64,260,7,34,2018,Solo
IDGAF,Dua Lipa,dance pop,97,54,84,-6,8,51,218,4,9,2018,Solo
Trip,Ella Mai,dance pop,80,61,48,-6,11,36,214,23,14,2018,Solo
Boo'd Up,Ella Mai,dance pop,82,78,56,-5,8,24,256,9,5,2018,Solo
"Let Me Go (with Alesso, Florida Georgia Line & watt)",Hailee Steinfeld,dance pop,103,71,66,-4,8,74,175,3,5,2018,Solo
Bad At Love,Halsey,dance pop,118,75,68,-4,9,61,181,6,3,2018,Solo
Rise,Jonas Blue,dance pop,106,79,69,-5,20,66,194,33,3,2018,Solo
I Like Me Better,Lauv,dance pop,92,51,75,-8,10,42,197,54,25,2018,Solo
Body,Loud Luxury,dance pop,122,76,75,-4,5,58,163,5,4,2018,Duo
17,MK,dance pop,122,83,70,-7,7,67,196,0,7,2018,Solo
Strangers,Sigrid,dance pop,115,72,76,-6,8,13,234,1,4,2018,Solo
This Feeling,The Chainsmokers,dance pop,105,57,57,-8,9,45,198,6,4,2018,Duo
Sick Boy,The Chainsmokers,dance pop,90,58,66,-8,12,45,193,11,5,2018,Duo
Taste (feat. Offset),Tyga,dance pop,98,56,88,-7,10,34,233,2,12,2018,Solo
If You're Over Me,Years & Years,dance pop,104,85,65,-5,6,62,189,6,9,2018,Band/Group
7 rings,Ariana Grande,dance pop,140,32,78,-11,9,33,179,59,33,2019,Solo
"thank u, next",Ariana Grande,dance pop,107,65,72,-6,10,41,207,23,7,2019,Solo
"break up with your girlfriend, i'm bored",Ariana Grande,dance pop,170,55,73,-5,11,34,190,4,9,2019,Solo
boyfriend (with Social House),Ariana Grande,dance pop,190,80,40,-4,16,70,186,12,46,2019,Solo
Please Me,Cardi B,dance pop,134,57,75,-7,8,65,201,6,8,2019,Solo
Money,Cardi B,dance pop,130,59,95,-7,11,22,184,1,29,2019,Solo
Juicy,Doja Cat,dance pop,170,66,79,-3,7,46,202,9,7,2019,Solo
Don't Start Now,Dua Lipa,dance pop,124,79,79,-5,10,68,183,1,8,2019,Solo
Without Me,Halsey,dance pop,136,49,75,-7,9,53,202,30,7,2019,Solo
All Day And Night,Jax Jones,dance pop,122,78,59,-4,16,52,169,27,9,2019,Solo
Sorry,Joel Corry,dance pop,125,79,74,-5,32,85,189,5,6,2019,Solo
Nights Like This (feat. Ty Dolla $ign),Kehlani,dance pop,146,73,61,-5,15,29,202,37,15,2019,Solo
i'm so tired...,Lauv,dance pop,102,73,60,-7,24,53,163,18,20,2019,Solo
Truth Hurts,Lizzo,dance pop,158,62,72,-3,12,41,173,11,11,2019,Solo
Good as Hell,Lizzo,dance pop,96,92,68,-3,44,54,160,26,9,2019,Solo
Nothing Breaks Like a Heart (feat. Miley Cyrus),Mark Ronson,dance pop,114,79,60,-6,39,24,217,1,7,2019,Solo
Hot Girl Summer (feat. Nicki Minaj & Ty Dolla $ign),Megan Thee Stallion,dance pop,99,81,87,-5,21,57,199,0,16,2019,Solo
Slide Away,Miley Cyrus,dance pop,148,54,53,-7,25,29,234,17,3,2019,Solo
Motivation,Normani,dance pop,171,89,60,-4,30,88,194,2,10,2019,Solo
Ride It,Regard,dance pop,118,75,88,-4,11,88,158,18,9,2019,Solo
Post Malone (feat. RANI),Sam Feldt,dance pop,107,64,59,-4,11,65,174,8,12,2019,Solo
Don’t Feel Like Crying,Sigrid,dance pop,120,81,75,-4,7,72,157,16,4,2019,Solo
Blind Faith,Chase & Status,electronic,140,85,45,-5,23,40,234,1,5,2011,Duo
Louder,DJ Fresh,electronic,140,93,39,-1,35,48,207,2,5,2011,Solo
Hot Right Now - Edit,DJ Fresh,electronic,175,96,51,-2,12,39,179,1,4,2012,Solo
Lost in the Fire (feat. The Weeknd),Gesaffelstein,electronic,101,67,66,-12,12,17,202,9,4,2019,Solo
Need U (100%) (feat. A*M*E) - Radio Edit,Duke Dumont,electronic,124,85,67,-5,39,46,174,0,5,2013,Solo
I Got U,Duke Dumont,electronic,121,76,64,-8,9,46,286,0,4,2014,Solo
Angels,The xx,electronic,92,16,42,-18,10,34,172,95,4,2012,Band/Group
Barbra Streisand (Radio Edit),Duck Sauce,electronic,128,93,76,-2,22,46,195,0,10,2010,Duo
Stereo Love - Radio Edit,Edward Maya,electronic,127,78,80,-4,8,59,185,3,3,2010,Solo
Riverside,Sidney Samson,electronic,126,98,80,-2,13,29,321,0,5,2010,Solo
Seek Bromance (Avicii Vocal Edit),Tim Berg,electronic,126,81,49,-3,9,55,201,9,4,2010,Solo
Stereo Love - Radio Edit,Edward Maya,electronic,127,78,80,-4,8,59,185,3,3,2011,Solo
Loca People - Radio Edit,Sak Noel,electronic,128,81,93,-3,5,70,216,0,6,2011,Solo
Latch,Disclosure,electronic,122,74,73,-5,9,54,256,2,9,2012,Duo
Million Voices - Radio Edit,Otto Knows,electronic,126,89,58,-6,7,7,193,0,4,2012,Solo
Get Lucky (feat. Pharrell Williams & Nile Rodgers) - Radio Edit,Daft Punk,electronic,116,81,79,-9,10,86,248,4,4,2013,Duo
Lose Yourself to Dance (feat. Pharrell Williams),Daft Punk,electronic,100,66,83,-8,8,67,354,8,6,2013,Duo
White Noise,Disclosure,electronic,120,85,68,-6,35,87,278,1,5,2013,Duo
La La La,Naughty Boy,electronic,125,68,75,-4,11,25,221,11,3,2013,Solo
Look Right Through - MK Vocal Edit,Storm Queen,electronic,120,82,83,-8,28,51,148,0,8,2013,Solo
Latch,Disclosure,electronic,122,74,73,-5,9,54,256,2,9,2014,Duo
Ready For Your Love,Gorgon City,electronic,122,75,68,-7,33,47,199,5,15,2014,Duo
Jubel - Radio Edit,Klingande,electronic,125,52,69,-7,14,10,202,65,3,2014,Duo
High (feat. Nicole Millar),Peking Duk,electronic,100,80,53,-4,29,38,228,0,5,2014,Band/Group
My Love (feat. Jess Glynne),Route 94,electronic,120,62,81,-8,7,73,260,0,5,2014,Solo
Faded,ZHU,electronic,125,48,87,-7,11,61,223,1,5,2014,Solo
Omen - Radio Edit,Disclosure,electronic,106,79,67,-5,36,62,197,12,14,2015,Duo
Where Are Ü Now (with Justin Bieber),Jack Ü,electronic,139,78,43,-4,8,20,250,4,6,2015,Duo
Stole the Show,Kygo,electronic,100,64,64,-8,32,48,223,27,23,2015,Solo
Nothing Left (feat. Will Heard),Kygo,electronic,154,58,68,-7,37,35,237,26,4,2015,Solo
Wish You Were Mine - Radio Edit,Philip George,electronic,123,83,65,-4,10,41,178,1,3,2015,Solo
All My Friends (feat. Tinashe & Chance the Rapper),Snakehips,electronic,95,52,68,-6,11,18,230,12,14,2015,Duo
Stole the Show,Kygo,electronic,100,64,64,-8,32,48,223,27,23,2016,Solo
Stay (feat. Maty Noyes),Kygo,electronic,103,74,65,-8,17,38,239,4,4,2016,Solo
All My Friends (feat. Tinashe & Chance the Rapper),Snakehips,electronic,95,52,68,-6,11,18,230,12,14,2016,Duo
NUMB,Hayden James,electronic,148,56,62,-7,9,40,217,18,4,2017,Solo
Don't Leave,Snakehips,electronic,122,70,66,-3,26,34,215,22,8,2017,Duo
In My Mind,Dynoro,electronic,126,77,69,-5,12,16,185,18,15,2018,Solo
Piece Of Your Heart,MEDUZA,electronic,124,74,68,-7,7,63,153,4,3,2019,Band/Group
My Songs Know What You Did In The Dark (Light Em Up),Fall Out Boy,emo,152,92,56,-4,54,57,187,3,6,2013,Band/Group
Centuries,Fall Out Boy,emo,176,86,39,-3,10,56,228,0,7,2015,Band/Group
Save That Shit,Lil Peep,emo,106,58,53,-9,42,14,232,3,3,2017,Solo
Gucci Gang,Lil Pump,emo,120,52,94,-7,12,70,124,24,6,2017,Solo
Jocelyn Flores,XXXTENTACION,emo,134,39,87,-9,30,44,119,47,24,2017,Solo
FEFE,6ix9ine,emo,126,39,93,-9,14,38,179,9,41,2018,Solo
GUMMO,6ix9ine,emo,157,78,66,-5,13,64,158,6,17,2018,Solo
SAD!,XXXTENTACION,emo,75,61,74,-5,12,47,167,26,14,2018,Solo
Moonlight,XXXTENTACION,emo,128,54,92,-6,10,71,135,56,8,2018,Solo
changes,XXXTENTACION,emo,65,31,67,-10,10,52,122,88,3,2018,Solo
Midnight City,M83,pop,105,71,53,-7,18,32,241,2,4,2011,Duo
I Need A Doctor,Dr. Dre,hip hop,156,95,59,-5,31,40,284,9,45,2011,Solo
Sweat - Remix,Snoop Dogg,hip hop,130,73,81,-6,8,73,196,6,3,2011,Solo
"Young, Wild & Free (feat. Bruno Mars)",Snoop Dogg,hip hop,95,66,72,-6,12,53,207,5,14,2012,Solo
She Said,Plan B,hip hop,147,54,72,-6,16,83,211,30,14,2010,Duo
Champion (feat. Chris Brown),Chip,hip hop,190,93,42,-3,14,52,237,8,24,2011,Solo
Read All About It,Professor Green,hip hop,101,75,66,-6,22,45,236,34,4,2011,Solo
Ladbroke Grove,AJ Tracey,hip hop,134,84,90,-9,10,73,191,9,21,2019,Solo
Vossi Bop,Stormzy,hip hop,188,65,68,-6,13,43,196,13,34,2019,Solo
Boasty (feat. Idris Elba),Wiley,hip hop,103,77,89,-5,9,46,177,1,7,2019,Solo
Airplanes (feat. Hayley Williams of Paramore),B.o.B,hip hop,93,87,66,-4,4,38,180,11,12,2010,Solo
Nothin' on You (feat. Bruno Mars),B.o.B,hip hop,104,85,69,-6,9,74,268,39,5,2010,Solo
Magic (feat. Rivers Cuomo),B.o.B,hip hop,82,93,55,-4,35,79,196,1,34,2010,Solo
Forget You,CeeLo Green,hip hop,127,88,70,-4,16,77,223,13,6,2010,Solo
Over,Drake,hip hop,100,85,35,-6,12,45,234,1,20,2010,Solo
Find Your Love,Drake,hip hop,96,61,63,-6,3,76,209,2,17,2010,Solo
Love The Way You Lie,Eminem,hip hop,87,93,75,-5,52,64,263,24,23,2010,Solo
Not Afraid,Eminem,hip hop,115,95,86,-1,21,67,248,53,26,2010,Solo
Like A G6,Far East Movement,hip hop,125,84,44,-8,12,78,217,1,45,2010,Band/Group
Young Forever,JAY-Z,hip hop,140,69,64,-3,21,10,254,42,7,2010,Solo
Commander,Kelly Rowland,hip hop,125,88,40,-4,36,57,218,2,14,2010,Solo
Right Above It,Lil Wayne,hip hop,76,84,38,-4,58,46,272,4,36,2010,Solo
My Chick Bad,Ludacris,hip hop,85,72,62,-7,48,76,217,17,38,2010,Solo
How Low,Ludacris,hip hop,144,50,79,-7,22,42,202,0,5,2010,Solo
DJ Got Us Fallin' In Love (feat. Pitbull),Usher,hip hop,120,86,66,-3,8,65,221,3,11,2010,Solo
OMG (feat. will.i.am),Usher,hip hop,130,75,78,-6,36,33,269,20,3,2010,Solo
Hey Daddy (Daddy's Home),Usher,hip hop,96,70,59,-4,11,35,224,0,3,2010,Solo
No Hands (feat. Roscoe Dash & Wale),Waka Flocka Flame,hip hop,131,60,76,-6,24,36,264,1,4,2010,Solo
Lighters,Bad Meets Evil,hip hop,90,70,68,-8,12,14,304,35,25,2011,Duo
Headlines,Drake,hip hop,152,57,64,-7,9,43,236,37,11,2011,Solo
Rocketeer,Far East Movement,hip hop,96,85,66,-6,27,36,211,18,5,2011,Band/Group
Motivation,Kelly Rowland,hip hop,141,67,74,-6,11,27,231,19,4,2011,Solo
6 Foot 7 Foot,Lil Wayne,hip hop,79,75,37,-5,32,60,249,0,30,2011,Solo
How To Love,Lil Wayne,hip hop,154,66,64,-6,11,27,240,0,4,2011,Solo
Donald Trump,Mac Miller,hip hop,163,90,64,-7,39,84,166,12,12,2011,Solo
Down With The Trumpets,Rizzle Kicks,hip hop,115,88,75,-5,24,79,187,9,8,2011,Duo
More - RedOne Jimmy Joker Remix,Usher,hip hop,125,89,55,-3,35,79,220,0,5,2011,Solo
No Hands (feat. Roscoe Dash & Wale),Waka Flocka Flame,hip hop,131,60,76,-6,24,36,264,1,4,2011,Solo
So Good,B.o.B,hip hop,86,90,66,-5,22,59,213,4,14,2012,Solo
Take Care,Drake,hip hop,122,52,63,-10,9,30,277,3,27,2012,Solo
The Motto,Drake,hip hop,202,44,77,-9,11,39,182,0,36,2012,Solo
Ni**as In Paris,JAY-Z,hip hop,140,86,79,-6,35,78,219,13,31,2012,Solo
Swimming Pools (Drank) - Extended Version,Kendrick Lamar,hip hop,74,49,72,-8,60,26,314,12,40,2012,Solo
m.A.A.d city,Kendrick Lamar,hip hop,91,73,49,-7,44,22,350,5,27,2012,Solo
Mama Do The Hump,Rizzle Kicks,hip hop,98,89,72,-4,7,56,216,1,13,2012,Duo
Climax,Usher,hip hop,136,48,65,-9,16,33,233,55,8,2012,Solo
We Own It (Fast & Furious),2 Chainz,hip hop,172,90,56,-5,5,56,228,5,40,2013,Solo
"F**kin' Problems (feat. Drake, 2 Chainz & Kendrick Lamar)",A$AP Rocky,hip hop,96,69,85,-7,11,66,234,2,28,2013,Solo
3005,Childish Gambino,hip hop,166,45,47,-7,9,64,234,11,33,2013,Solo
"Hold On, We're Going Home",Drake,hip hop,100,41,78,-7,7,29,228,0,9,2013,Solo
Started From the Bottom,Drake,hip hop,86,52,79,-8,16,58,174,3,16,2013,Solo
The Monster,Eminem,hip hop,110,85,78,-4,12,62,250,5,7,2013,Solo
Berzerk,Eminem,hip hop,95,87,74,-4,26,68,239,2,33,2013,Solo
Power Trip (feat. Miguel),J. Cole,hip hop,100,61,67,-7,43,48,241,32,22,2013,Solo
Holy Grail,JAY-Z,hip hop,145,53,68,-7,26,16,338,6,8,2013,Solo
Love Me,Lil Wayne,hip hop,125,63,67,-6,9,50,255,1,3,2013,Solo
Fancy,Iggy Azalea,hip hop,95,72,91,-4,5,38,200,9,7,2014,Solo
Black Widow,Iggy Azalea,hip hop,164,72,74,-4,11,52,209,19,12,2014,Solo
Waves - Robin Schulz Radio Edit,Mr. Probz,hip hop,120,51,83,-9,8,45,208,1,4,2014,Solo
I Don't Fuck With You,Big Sean,hip hop,98,73,82,-5,33,40,284,4,6,2015,Solo
Don't,Bryson Tiller,hip hop,97,36,77,-6,10,19,198,22,20,2015,Solo
Hotline Bling,Drake,hip hop,135,63,89,-8,5,55,267,0,6,2015,Solo
Jumpman,Drake,hip hop,142,55,85,-7,33,66,206,6,19,2015,Solo
Classic Man (feat. Roman GianArthur),Jidenna,hip hop,94,59,79,-6,29,59,226,19,3,2015,Solo
King Kunta,Kendrick Lamar,hip hop,107,66,88,-5,15,49,235,1,10,2015,Solo
All Eyes on You (feat. Chris Brown & Nicki Minaj),Meek Mill,hip hop,78,66,59,-5,12,25,224,2,20,2015,Solo
No Type,Rae Sremmurd,hip hop,125,49,89,-8,9,24,200,2,16,2015,Duo
"Flex (Ooh, Ooh, Ooh)",Rich Homie Quan,hip hop,82,61,73,-8,19,89,177,4,5,2015,Solo
Antidote,Travis Scott,hip hop,131,53,71,-5,12,13,263,1,3,2015,Solo
I Don't Mind (feat. Juicy J),Usher,hip hop,113,46,87,-8,9,46,252,21,18,2015,Solo
Don't,Bryson Tiller,hip hop,97,36,77,-6,10,19,198,22,20,2016,Solo
Exchange,Bryson Tiller,hip hop,160,43,53,-11,14,28,195,11,19,2016,Solo
Too Good,Drake,hip hop,118,65,79,-8,10,40,263,5,10,2016,Solo
Low Life (feat. The Weeknd),Future,hip hop,144,33,72,-8,15,10,314,34,7,2016,Solo
"Sucker for Pain (with Wiz Khalifa, Imagine Dragons, Logic & Ty Dolla $ign feat. X Ambassadors)",Lil Wayne,hip hop,169,79,50,-4,65,74,243,26,32,2016,Solo
It's A Vibe,2 Chainz,hip hop,73,50,82,-7,11,53,210,3,15,2017,Solo
Bank Account,21 Savage,hip hop,75,35,88,-8,9,38,220,2,35,2017,Solo
Caroline,Aminé,hip hop,120,34,94,-10,26,71,210,17,51,2017,Solo
Bounce Back,Big Sean,hip hop,82,57,78,-6,13,27,222,11,14,2017,Solo
Redbone,Childish Gambino,hip hop,160,34,74,-11,10,58,327,17,12,2017,Solo
Passionfruit,Drake,hip hop,112,46,81,-11,11,36,299,26,4,2017,Solo
Fake Love,Drake,hip hop,134,48,93,-9,18,61,211,11,29,2017,Solo
Mask Off,Future,hip hop,150,43,83,-9,17,28,205,1,43,2017,Solo
HUMBLE.,Kendrick Lamar,hip hop,150,62,91,-7,10,42,177,0,10,2017,Solo
LOVE. FEAT. ZACARI.,Kendrick Lamar,hip hop,126,59,80,-7,15,78,213,26,9,2017,Solo
DNA.,Kendrick Lamar,hip hop,140,52,64,-7,8,42,186,0,36,2017,Solo
ELEMENT.,Kendrick Lamar,hip hop,190,71,75,-5,25,48,209,20,49,2017,Solo
1-800-273-8255,Logic,hip hop,100,57,62,-8,19,36,250,57,5,2017,Solo
Bad Things (with Camila Cabello),Machine Gun Kelly,hip hop,138,69,70,-5,19,31,239,21,15,2017,Solo
Bad and Boujee (feat. Lil Uzi Vert),Migos,hip hop,127,67,93,-5,12,17,343,6,24,2017,Trio
Slippery (feat. Gucci Mane),Migos,hip hop,142,68,92,-6,10,75,304,31,26,2017,Trio
T-Shirt,Migos,hip hop,139,69,87,-4,16,49,242,24,22,2017,Trio
Magnolia,Playboi Carti,hip hop,163,58,79,-7,35,44,182,1,29,2017,Solo
Swang,Rae Sremmurd,hip hop,140,31,68,-9,10,17,208,20,6,2017,Duo
Black Beatles,Rae Sremmurd,hip hop,146,63,79,-6,13,36,292,14,6,2017,Duo
Losin Control,Russ,hip hop,97,25,76,-7,10,21,238,52,14,2017,Solo
goosebumps,Travis Scott,hip hop,130,73,84,-3,15,43,244,8,5,2017,Solo
BUTTERFLY EFFECT,Travis Scott,hip hop,141,63,76,-6,11,19,191,5,5,2017,Solo
Juju on That Beat (TZ Anthem),Zay Hilfigerrr,hip hop,161,89,81,-4,39,78,144,0,28,2017,Solo
Look Alive (feat. Drake),BlocBoy JB,hip hop,140,58,92,-7,11,60,181,0,27,2018,Solo
This Is America,Childish Gambino,hip hop,120,46,85,-6,35,55,226,12,14,2018,Solo
God's Plan,Drake,hip hop,77,45,75,-9,55,36,199,3,11,2018,Solo
Nonstop,Drake,hip hop,155,41,91,-8,10,42,239,2,12,2018,Solo
Nice For What,Drake,hip hop,93,91,59,-6,12,76,211,9,7,2018,Solo
In My Feelings,Drake,hip hop,91,63,84,-6,40,35,218,6,13,2018,Solo
I'm Upset,Drake,hip hop,150,59,90,-8,8,49,214,28,34,2018,Solo
River (feat. Ed Sheeran),Eminem,hip hop,90,75,75,-6,7,66,221,14,52,2018,Solo
"King's Dead (with Kendrick Lamar, Future & James Blake)",Jay Rock,hip hop,137,71,65,-5,13,38,230,0,30,2018,Solo
LOVE. FEAT. ZACARI.,Kendrick Lamar,hip hop,126,59,80,-7,15,78,213,26,9,2018,Solo
All The Stars (with SZA),Kendrick Lamar,hip hop,97,63,70,-5,9,55,232,6,6,2018,Solo
Yes Indeed,Lil Baby,hip hop,120,35,96,-9,11,56,142,4,53,2018,Solo
Everyday,Logic,hip hop,150,74,67,-4,8,42,205,4,4,2018,Solo
"Home (with Machine Gun Kelly, X Ambassadors & Bebe Rexha)",Machine Gun Kelly,hip hop,82,72,65,-5,5,22,203,0,21,2018,Solo
Walk It Talk It,Migos,hip hop,146,63,91,-5,11,40,276,9,18,2018,Trio
MotorSport,Migos,hip hop,138,52,90,-5,33,19,303,3,18,2018,Trio
Stir Fry,Migos,hip hop,182,82,82,-5,16,51,190,0,27,2018,Trio
Let You Down,NF,hip hop,148,71,66,-6,18,46,212,31,12,2018,Solo
Ric Flair Drip (with Metro Boomin),Offset,hip hop,100,43,88,-8,11,33,173,15,21,2018,Solo
Powerglide (feat. Juicy J) - From SR3MM,Rae Sremmurd,hip hop,174,83,71,-5,12,58,332,2,15,2018,Duo
Plug Walk,Rich The Kid,hip hop,95,52,88,-7,11,16,175,20,14,2018,Solo
SICKO MODE,Travis Scott,hip hop,155,73,83,-4,12,45,313,1,22,2018,Solo
a lot,21 Savage,hip hop,146,64,84,-8,34,27,289,4,9,2019,Solo
Suge,DaBaby,hip hop,75,66,88,-6,13,84,163,6,43,2019,Solo
Location (feat. Burna Boy),Dave,hip hop,110,50,81,-6,10,55,241,27,30,2019,Solo
Money In The Grave (Drake ft. Rick Ross),Drake,hip hop,101,50,83,-4,12,10,205,10,5,2019,Solo
MIDDLE CHILD,J. Cole,hip hop,124,36,84,-12,27,46,214,15,28,2019,Solo
Old Town Road - Remix,Lil Nas X,hip hop,136,62,88,-6,11,64,157,5,10,2019,Solo
Old Town Road,Lil Nas X,hip hop,136,53,91,-6,10,51,113,6,13,2019,Solo
Panini,Lil Nas X,hip hop,154,59,70,-6,12,48,115,34,8,2019,Solo
Going Bad (feat. Drake),Meek Mill,hip hop,86,50,89,-6,25,54,181,26,9,2019,Solo
Shotta Flow (feat. Blueface) [Remix],NLE Choppa,hip hop,120,51,89,-5,14,57,177,3,42,2019,Solo
Clout (feat. Cardi B),Offset,hip hop,140,62,92,-7,12,42,206,23,10,2019,Solo
Adan y Eva,Paulo Londra,hip hop,172,71,77,-4,7,72,257,32,34,2019,Solo
SICKO MODE,Travis Scott,hip hop,155,73,83,-4,12,45,313,1,22,2019,Solo
EARFQUAKE,"Tyler, The Creator",hip hop,80,50,55,-9,80,41,190,23,7,2019,Solo
The London (feat. J. Cole & Travis Scott),Young Thug,hip hop,98,59,80,-7,13,18,200,2,15,2019,Solo
The Greatest Show,Hugh Jackman,other,158,82,42,-7,7,40,302,0,11,2018,Band/Group
Live Like We're Dying,Kris Allen,pop,92,89,59,-3,34,94,213,3,4,2010,Solo
Fireflies,Owl City,indie,180,66,51,-7,12,47,228,3,4,2010,Band/Group
Holocene,Bon Iver,indie,148,30,37,-15,13,15,337,94,3,2011,Band/Group
Pumped Up Kicks,Foster The People,indie,128,71,73,-6,10,97,240,14,3,2011,Band/Group
L.I.F.E.G.O.E.S.O.N.,Noah And The Whale,indie,82,75,60,-6,35,61,228,21,4,2011,Band/Group
Good Time,Owl City,indie,126,87,56,-4,37,68,206,2,14,2012,Band/Group
Sail,AWOLNATION,indie,119,44,83,-10,10,27,259,44,6,2013,Band/Group
Geronimo,Sheppard,indie,142,78,71,-6,12,46,218,46,8,2014,Band/Group
Way down We Go,KALEO,indie,163,51,49,-8,10,34,214,58,12,2015,Band/Group
Geronimo,Sheppard,indie,142,78,71,-6,12,46,218,46,8,2015,Band/Group
Spirits,The Strumbellas,indie,81,66,56,-6,11,79,204,16,3,2015,Band/Group
Sit Next to Me,Foster The People,indie,97,74,64,-5,69,66,243,12,3,2017,Band/Group
Take Me to Church,Hozier,singer-songwriter,129,66,57,-5,12,44,242,63,5,2015,Solo
Despacito,Luis Fonsi,latin,178,80,66,-5,7,84,229,20,15,2017,Solo
Corazón (feat. Nego do Borel),Maluma,latin,198,74,72,-6,20,75,185,33,25,2018,Solo
Te Boté - Remix,Nio Garcia,latin,97,68,90,-3,6,44,418,54,21,2018,Solo
Vaina Loca,Ozuna,latin,94,81,75,-4,20,56,176,32,8,2018,Solo
China,Anuel AA,latin,105,81,79,-4,8,61,302,8,9,2019,Solo
Secreto,Anuel AA,latin,92,80,81,-4,14,71,259,60,13,2019,Solo
Callaita,Bad Bunny,latin,176,62,61,-5,24,24,251,60,31,2019,Solo
MIA (feat. Drake),Bad Bunny,latin,97,54,82,-6,10,16,210,1,6,2019,Solo
Soltera - Remix,Lunay,latin,92,78,80,-4,44,80,266,36,4,2019,Solo
Otro Trago,Sech,latin,176,70,75,-5,11,62,226,14,34,2019,Solo
Pack Up,Eliza Doolittle,other,133,81,67,-6,21,87,191,30,8,2010,Solo
Heartbreak Warfare,John Mayer,pop,97,55,62,-8,30,31,270,19,2,2010,Solo
Half of My Heart,John Mayer,pop,115,59,68,-9,11,73,250,44,3,2010,Solo
Dancing On My Own,Calum Scott,pop,113,17,68,-9,10,23,260,84,3,2016,Solo
When You Love Someone,James TW,pop,126,45,68,-6,5,35,217,26,3,2016,Solo
All of Me,John Legend,r&b,120,26,42,-7,13,33,270,92,3,2014,Solo
Love Me Now,John Legend,r&b,123,77,42,-4,11,72,210,57,9,2016,Solo
Sunset Lover,Petit Biscuit,other,91,47,78,-9,11,24,238,73,5,2015,Solo
Paradise,Coldplay,pop,140,59,45,-7,8,21,279,5,3,2011,Band/Group
Every Teardrop Is a Waterfall,Coldplay,pop,118,73,43,-7,17,33,241,0,4,2011,Band/Group
Paradise,Coldplay,pop,140,59,45,-7,8,21,279,5,3,2012,Band/Group
Princess of China,Coldplay,pop,85,69,42,-6,29,24,239,0,3,2012,Band/Group
Magic,Coldplay,pop,93,48,74,-9,11,35,285,3,4,2014,Band/Group
A Sky Full of Stars,Coldplay,pop,125,68,55,-6,21,16,268,1,3,2014,Band/Group
Hymn for the Weekend,Coldplay,pop,90,69,49,-6,33,41,258,21,4,2016,Band/Group
Adventure of a Lifetime,Coldplay,pop,112,92,64,-4,15,53,264,0,4,2016,Band/Group
I Need A Dollar,Aloe Blacc,pop,95,48,84,-7,9,96,243,20,3,2010,Solo
Teach Me How to Dougie,Cali Swag District,pop,85,44,85,-5,9,51,237,20,14,2010,Band/Group
Baby,Justin Bieber,pop,65,86,73,-5,11,54,214,4,14,2010,Solo
Bad Romance,Lady Gaga,pop,119,92,70,-4,8,71,295,0,4,2010,Solo
Telephone,Lady Gaga,pop,122,84,82,-6,11,72,221,1,4,2010,Solo
Alejandro,Lady Gaga,pop,99,79,62,-7,38,36,274,0,5,2010,Solo
Misery,Maroon 5,pop,103,81,70,-5,22,73,216,0,4,2010,Band/Group
Only Girl (In The World),Rihanna,pop,126,71,79,-4,6,64,235,11,4,2010,Solo
Rude Boy,Rihanna,pop,174,75,56,-4,8,81,223,11,13,2010,Solo
What's My Name?,Rihanna,pop,100,78,69,-3,8,56,263,18,7,2010,Solo
Man Down,Rihanna,pop,156,91,48,-4,5,54,267,4,19,2010,Solo
Hard,Rihanna,pop,182,75,31,-4,65,16,251,1,11,2010,Solo
Dancing On My Own - Radio Edit,Robyn,pop,117,93,57,-6,13,22,278,0,3,2010,Solo
King of Anything,Sara Bareilles,pop,119,76,68,-4,6,81,207,46,4,2010,Solo
Alors on danse - Radio Edit,Stromae,pop,120,59,79,-9,7,71,206,10,8,2010,Solo
Back To December,Taylor Swift,pop,142,67,53,-5,33,29,293,12,3,2010,Solo
Mine,Taylor Swift,pop,121,76,62,-3,19,66,231,0,3,2010,Solo
Today Was A Fairytale,Taylor Swift,pop,158,70,49,-4,17,34,242,3,3,2010,Solo
What the Hell,Avril Lavigne,pop,150,93,58,-4,14,88,221,0,5,2011,Solo
Skinny Love,Birdy,pop,166,29,38,-8,12,17,201,95,5,2011,Solo
Coming Home,Diddy - Dirty Money,pop,168,84,39,-2,30,23,239,16,19,2011,Duo
The A Team,Ed Sheeran,pop,85,29,64,-10,18,41,258,67,4,2011,Solo
Lego House,Ed Sheeran,pop,160,64,59,-8,13,56,185,56,10,2011,Solo
Shake It Out,Florence + The Machine,pop,107,80,53,-4,11,22,278,1,4,2011,Band/Group
Tongue Tied,Grouplove,pop,113,94,56,-6,16,37,218,1,4,2011,Band/Group
Earthquake (feat. Tinie Tempah),Labrinth,pop,153,86,54,-4,28,26,275,11,10,2011,Solo
Born This Way,Lady Gaga,pop,124,83,59,-5,33,49,260,0,16,2011,Solo
The Edge Of Glory,Lady Gaga,pop,128,77,58,-7,11,36,321,0,4,2011,Solo
I Follow Rivers - The Magician Remix,Lykke Li,pop,122,70,79,-6,8,30,280,2,4,2011,Solo
Buzzin Remix,Mann,pop,104,94,69,-4,28,54,224,9,15,2011,Solo
"Moves Like Jagger - Studio Recording From ""The Voice"" Performance",Maroon 5,pop,128,76,72,-4,31,62,201,1,5,2011,Band/Group
S&M,Rihanna,pop,128,68,77,-5,9,84,244,1,4,2011,Solo
We Found Love,Rihanna,pop,128,77,74,-4,11,60,215,3,4,2011,Solo
What's My Name?,Rihanna,pop,100,78,69,-3,8,56,263,18,7,2011,Solo
One Day / Reckoning Song (Wankelmut Remix) - Radio Edit,Asaf Avidan,pop,119,67,83,-6,17,53,215,22,6,2012,Solo
Call Me Maybe,Carly Rae Jepsen,pop,120,58,78,-7,11,66,193,1,4,2012,Solo
Spectrum (Say My Name) - Calvin Harris Remix,Florence + The Machine,pop,126,95,58,-4,10,59,218,0,5,2012,Band/Group
We Are Young (feat. Janelle Monáe),fun.,pop,184,64,38,-6,8,74,251,2,8,2012,Band/Group
Some Nights,fun.,pop,108,74,67,-7,9,39,277,2,5,2012,Band/Group
Somebody That I Used To Know,Gotye,pop,129,50,86,-7,10,72,245,59,4,2012,Solo
Oblivion,Grimes,pop,156,53,70,-9,9,49,251,12,3,2012,Solo
I Love It (feat. Charli XCX),Icona Pop,pop,126,91,71,-3,15,82,157,1,3,2012,Duo
Boyfriend,Justin Bieber,pop,97,55,72,-6,13,33,171,4,5,2012,Solo
Ride,Lana Del Rey,pop,94,69,37,-6,38,19,289,13,3,2012,Solo
Video Games,Lana Del Rey,pop,122,25,39,-10,9,18,282,81,3,2012,Solo
Born To Die,Lana Del Rey,pop,86,63,39,-7,20,40,286,20,4,2012,Solo
Primadonna,MARINA,pop,128,69,66,-3,9,43,221,9,3,2012,Solo
How to Be a Heartbreaker,MARINA,pop,140,90,69,-5,11,85,221,1,5,2012,Solo
One More Night,Maroon 5,pop,93,82,72,-3,8,61,219,4,3,2012,Band/Group
Payphone,Maroon 5,pop,110,76,74,-5,37,52,231,1,4,2012,Band/Group
Dirty Paws,Of Monsters and Men,pop,112,65,36,-7,6,13,278,11,3,2012,Band/Group
"Gone, Gone, Gone",Phillip Phillips,pop,118,64,66,-6,11,50,210,13,4,2012,Solo
Home,Phillip Phillips,pop,121,83,61,-6,12,32,210,3,3,2012,Solo
Gangnam Style (강남스타일),PSY,pop,132,94,73,-3,9,75,219,0,29,2012,Solo
We Found Love,Rihanna,pop,128,77,74,-4,11,60,215,3,4,2012,Solo
Where Have You Been,Rihanna,pop,128,85,72,-6,22,44,243,0,9,2012,Solo
I Knew You Were Trouble.,Taylor Swift,pop,77,47,62,-7,3,68,220,0,4,2012,Solo
We Are Never Ever Getting Back Together,Taylor Swift,pop,86,68,63,-6,12,75,193,1,9,2012,Solo
Ho Hey,The Lumineers,pop,80,47,69,-9,9,35,163,79,3,2012,Band/Group
Here's to Never Growing Up,Avril Lavigne,pop,165,87,48,-3,41,74,214,1,9,2013,Solo
Pompeii,Bastille,pop,127,72,68,-6,27,57,214,8,4,2013,Band/Group
Of The Night,Bastille,pop,125,83,67,-7,9,35,214,2,4,2013,Band/Group
Safe And Sound,Capital Cities,pop,118,82,66,-5,10,77,193,0,3,2013,Duo
The Mother We Share,CHVRCHES,pop,174,69,46,-6,13,34,191,3,3,2013,Band/Group
I Love It (feat. Charli XCX),Icona Pop,pop,126,91,71,-3,15,82,157,1,3,2013,Duo
Beauty And A Beat,Justin Bieber,pop,128,84,60,-5,7,53,228,0,6,2013,Solo
Sonnentanz - Sun Don't Shine,Klangkarussell,pop,120,54,59,-8,11,17,236,11,9,2013,Duo
All I Want,Kodaline,pop,187,41,19,-10,8,16,306,17,5,2013,Band/Group
High Hopes,Kodaline,pop,77,49,49,-6,19,22,230,58,3,2013,Band/Group
Summertime Sadness (Lana Del Rey Vs. Cedric Gervais) - Cedric Gervais Remix,Lana Del Rey,pop,126,81,57,-6,13,11,215,2,6,2013,Solo
Royals,Lorde,pop,85,43,67,-10,13,34,190,12,12,2013,Solo
Team,Lorde,pop,100,58,69,-7,31,42,193,17,9,2013,Solo
Daylight,Maroon 5,pop,120,68,66,-6,21,33,225,0,3,2013,Band/Group
Little Talks,Of Monsters and Men,pop,103,76,46,-5,15,42,267,2,3,2013,Band/Group
Still into You,Paramore,pop,136,92,60,-4,6,77,216,1,4,2013,Band/Group
Ain't It Fun,Paramore,pop,104,89,61,-4,2,67,297,15,9,2013,Band/Group
Home,Phillip Phillips,pop,121,83,61,-6,12,32,210,3,3,2013,Solo
Papaoutai,Stromae,pop,116,81,73,-7,6,25,232,3,8,2013,Solo
I Knew You Were Trouble.,Taylor Swift,pop,77,47,62,-7,3,68,220,0,4,2013,Solo
22,Taylor Swift,pop,104,73,66,-7,5,67,232,0,4,2013,Solo
Everything Has Changed,Taylor Swift,pop,80,46,62,-7,31,44,245,36,3,2013,Solo
Ho Hey,The Lumineers,pop,80,47,69,-9,9,35,163,79,3,2013,Band/Group
Another Love,Tom Odell,pop,123,54,45,-9,9,13,244,70,4,2013,Solo
The Man,Aloe Blacc,pop,82,77,31,-7,21,49,255,3,7,2014,Solo
Best Day Of My Life,American Authors,pop,100,90,67,-2,6,54,194,6,3,2014,Band/Group
Boom Clap,Charli XCX,pop,92,91,66,-2,19,58,170,15,8,2014,Solo
Don't,Ed Sheeran,pop,95,61,81,-7,64,85,220,1,7,2014,Solo
Sing,Ed Sheeran,pop,120,67,82,-4,6,94,235,30,5,2014,Solo
Budapest,George Ezra,pop,128,46,72,-8,11,39,201,8,3,2014,Solo
Blame It on Me,George Ezra,pop,104,76,54,-3,34,42,196,47,3,2014,Solo
Hideaway,Kiesza,pop,123,72,84,-4,8,20,252,9,5,2014,Solo
Jealous,Labrinth,pop,117,15,44,-9,11,10,288,87,5,2014,Solo
Prayer in C - Robin Schulz Radio Edit,Lilly Wood and The Prick,pop,123,88,76,-6,60,80,189,2,3,2014,Duo
Team,Lorde,pop,100,58,69,-7,31,42,193,17,9,2014,Solo
Maps,Maroon 5,pop,120,71,74,-6,6,88,190,2,3,2014,Band/Group
Animals,Maroon 5,pop,190,74,28,-6,59,33,231,0,9,2014,Band/Group
Sugar,Maroon 5,pop,120,79,75,-7,9,88,235,6,3,2014,Band/Group
Stolen Dance,Milky Chance,pop,114,58,89,-9,8,73,314,43,4,2014,Band/Group
Am I Wrong,Nico & Vinz,pop,120,68,73,-6,55,78,246,18,3,2014,Duo
CoCo,O.T. Genasis,pop,120,63,89,-6,31,18,240,0,13,2014,Solo
Ain't It Fun,Paramore,pop,104,89,61,-4,2,67,297,15,9,2014,Band/Group
"Happy - From ""Despicable Me 2""",Pharrell Williams,pop,160,82,65,-5,9,96,233,22,18,2014,Solo
Me And My Broken Heart,Rixton,pop,174,78,55,-4,13,55,194,0,3,2014,Duo
Style,Taylor Swift,pop,95,79,59,-6,12,49,231,0,4,2014,Solo
Bad Blood,Taylor Swift,pop,170,79,65,-6,20,29,212,9,19,2014,Solo
Shake It Off,Taylor Swift,pop,160,79,65,-5,15,94,219,6,17,2014,Solo
Habits (Stay High),Tove Lo,pop,110,65,73,-4,8,35,209,7,3,2014,Solo
Talking Body,Tove Lo,pop,120,76,74,-5,8,11,238,10,3,2014,Solo
Riptide,Vance Joy,pop,102,73,48,-7,15,51,204,43,4,2014,Solo
Thinking out Loud,Ed Sheeran,pop,79,45,78,-6,18,59,282,47,3,2015,Solo
Barcelona,George Ezra,pop,94,57,63,-9,11,18,189,32,3,2015,Solo
What Do You Mean?,Justin Bieber,pop,125,57,85,-8,8,79,206,59,10,2015,Solo
High By The Beach,Lana Del Rey,pop,132,49,54,-11,12,10,258,24,3,2015,Solo
Hurt Me,Låpsley,pop,138,73,66,-5,16,59,231,69,13,2015,Solo
Lot to Learn,Luke Christopher,pop,82,85,41,-4,7,60,248,9,20,2015,Solo
That's How You Know (feat. Kid Ink & Bebe Rexha),Nico & Vinz,pop,104,44,77,-6,12,74,186,44,4,2015,Duo
Drive,Oh Wonder,pop,142,46,66,-8,8,38,196,71,10,2015,Duo
FourFiveSeconds,Rihanna,pop,206,27,58,-6,13,35,188,88,5,2015,Solo
Bitch Better Have My Money,Rihanna,pop,103,73,78,-5,26,40,219,5,6,2015,Solo
Blank Space,Taylor Swift,pop,96,68,75,-5,13,58,232,9,6,2015,Solo
Wildest Dreams,Taylor Swift,pop,140,67,55,-7,11,47,220,7,7,2015,Solo
Bad Blood,Taylor Swift,pop,170,66,65,-7,14,22,200,3,11,2015,Solo
Style,Taylor Swift,pop,95,79,60,-6,12,46,231,0,4,2015,Solo
Talking Body,Tove Lo,pop,120,76,74,-5,8,11,238,10,3,2015,Solo
YOUTH,Troye Sivan,pop,92,74,63,-4,8,59,185,6,4,2015,Solo
Good Grief,Bastille,pop,120,76,73,-5,31,88,206,15,7,2016,Band/Group
"i hate u, i love u (feat. olivia o'brien)",Garrett Nash,pop,93,28,49,-13,10,18,251,69,30,2016,Solo
"Me, Myself & I",G-Eazy,pop,112,67,76,-7,16,39,251,2,10,2016,Solo
Can I Be Him,James Arthur,pop,108,54,70,-6,9,48,247,31,5,2016,Solo
Love Yourself,Justin Bieber,pop,100,38,61,-10,28,52,234,84,44,2016,Solo
Sorry,Justin Bieber,pop,100,76,65,-4,30,41,201,8,5,2016,Solo
7 Years,Lukas Graham,pop,120,47,77,-6,39,34,237,29,5,2016,Band/Group
Alaska,Maggie Rogers,pop,104,39,85,-11,11,18,188,41,5,2016,Solo
You & Me,Marc E. Bassy,pop,84,64,45,-8,19,61,218,4,28,2016,Solo
Final Song,MØ,pop,105,67,70,-6,8,25,236,1,3,2016,Solo
Not Nice,PARTYNEXTDOOR,pop,128,50,60,-9,12,73,203,3,8,2016,Solo
Needed Me,Rihanna,pop,111,31,67,-8,8,30,192,11,24,2016,Solo
Work,Rihanna,pop,92,53,73,-6,9,56,219,8,9,2016,Solo
Treat You Better,Shawn Mendes,pop,83,82,44,-4,11,75,188,11,34,2016,Solo
I Know What You Did Last Summer,Shawn Mendes,pop,114,76,69,-5,15,74,224,10,9,2016,Solo
Ophelia,The Lumineers,pop,76,57,66,-7,9,57,160,61,3,2016,Band/Group
Cool Girl,Tove Lo,pop,102,69,67,-7,8,20,199,31,11,2016,Solo
Rolex,Ayo & Teo,pop,145,89,80,-3,27,79,239,8,4,2017,Duo
Bored,Billie Eilish,pop,120,32,61,-13,8,11,181,90,5,2017,Solo
do re mi,blackbear,pop,111,59,75,-6,12,17,212,1,5,2017,Solo
Perfect,Ed Sheeran,pop,95,45,60,-6,11,17,263,16,2,2017,Solo
Shape of You,Ed Sheeran,pop,96,65,83,-3,9,93,234,58,8,2017,Solo
Him & I (with Halsey),G-Eazy,pop,88,73,59,-6,31,19,269,5,9,2017,Solo
No Limit,G-Eazy,pop,176,77,84,-4,9,41,245,1,24,2017,Solo
Young Dumb & Broke,Khalid,pop,137,54,80,-6,17,39,203,20,4,2017,Solo
Location,Khalid,pop,80,45,74,-11,9,33,219,33,43,2017,Solo
iSpy (feat. Lil Yachty),KYLE,pop,75,65,75,-7,23,67,253,38,29,2017,Solo
Lust For Life (with The Weeknd),Lana Del Rey,pop,100,66,50,-9,36,26,264,60,5,2017,Solo
Liability,Lorde,pop,76,23,59,-11,10,38,172,92,13,2017,Solo
Green Light,Lorde,pop,129,72,59,-8,9,25,235,2,10,2017,Solo
"Homemade Dynamite (Feat. Khalid, Post Malone & SZA) - REMIX",Lorde,pop,107,55,78,-5,13,18,214,23,8,2017,Solo
broken,lovelytheband,pop,123,73,67,-6,4,51,205,0,4,2017,Band/Group
Glorious (feat. Skylar Grey),Macklemore,pop,140,79,73,-5,11,36,220,3,5,2017,Solo
Cold (feat. Future),Maroon 5,pop,100,72,69,-6,5,41,234,14,11,2017,Band/Group
Don't Wanna Know (feat. Kendrick Lamar),Maroon 5,pop,100,61,78,-6,10,42,214,34,7,2017,Band/Group
Nights With You,MØ,pop,120,67,76,-4,38,60,197,40,10,2017,Solo
Love Galore (feat. Travis Scott),SZA,pop,135,59,80,-6,16,41,275,11,7,2017,Solo
Look What You Made Me Do,Taylor Swift,pop,128,71,77,-6,13,51,212,20,12,2017,Solo
...Ready For It?,Taylor Swift,pop,160,76,61,-7,20,42,208,5,14,2017,Solo
Eastside (with Halsey & Khalid),benny blanco,pop,89,68,56,-8,12,32,174,56,32,2018,Solo
lovely (with Khalid),Billie Eilish,pop,115,30,35,-10,10,12,200,93,3,2018,Solo
Nevermind,Dennis Lloyd,pop,100,69,60,-8,41,8,157,16,20,2018,Solo
Him & I (with Halsey),G-Eazy,pop,88,73,59,-6,31,19,269,5,9,2018,Solo
Shotgun,George Ezra,pop,116,74,67,-5,24,75,201,29,5,2018,Solo
Paradise,George Ezra,pop,138,88,64,-4,21,91,222,21,4,2018,Solo
we fell in love in october,girl in red,pop,130,37,57,-13,16,24,184,11,3,2018,Solo
Love Lies (with Normani),Khalid,pop,144,65,71,-6,13,34,202,10,4,2018,Solo
Wait,Maroon 5,pop,126,60,66,-5,11,45,191,10,6,2018,Band/Group
Déjala Que Vuelva (feat. Manuel Turizo),Piso 21,pop,170,79,68,-4,8,84,220,5,8,2018,Band/Group
Delicate,Taylor Swift,pop,95,40,75,-10,9,5,232,22,7,2018,Solo
Saturday Sun,Vance Joy,pop,100,86,64,-4,22,71,215,48,5,2018,Solo
On A Roll,Ashley O,pop,125,81,74,-6,5,39,154,8,9,2019,Solo
lovely (with Khalid),Billie Eilish,pop,115,30,35,-10,10,12,200,93,3,2019,Solo
bad guy,Billie Eilish,pop,135,43,70,-11,10,56,194,33,38,2019,Solo
when the party's over,Billie Eilish,pop,83,11,37,-14,9,20,196,98,10,2019,Solo
bury a friend,Billie Eilish,pop,120,39,91,-15,11,20,193,74,33,2019,Solo
Kill This Love,BLACKPINK,pop,132,84,76,-5,23,65,191,32,19,2019,Band/Group
Boy With Luv (feat. Halsey),BTS,pop,120,86,65,-5,19,80,230,9,8,2019,Band/Group
Take Me Back to London (feat. Stormzy),Ed Sheeran,pop,138,76,89,-6,16,61,190,22,22,2019,Solo
Cross Me (feat. Chance the Rapper & PnB Rock),Ed Sheeran,pop,95,79,75,-6,7,61,206,21,12,2019,Solo
Antisocial (with Travis Scott),Ed Sheeran,pop,152,82,72,-5,36,91,162,13,5,2019,Solo
Better,Khalid,pop,98,55,60,-10,10,11,229,8,10,2019,Solo
Talk (feat. Disclosure),Khalid,pop,136,40,90,-9,6,35,198,5,13,2019,Solo
Shallow,Lady Gaga,pop,96,39,57,-6,23,32,216,37,3,2019,Solo
Doin' Time,Lana Del Rey,pop,145,56,64,-11,9,52,202,40,4,2019,Solo
Someone You Loved,Lewis Capaldi,pop,110,41,50,-6,11,45,182,75,3,2019,Solo
Grace,Lewis Capaldi,pop,104,56,72,-6,17,49,186,44,3,2019,Solo
Light On,Maggie Rogers,pop,102,57,66,-6,13,40,234,20,5,2019,Solo
Señorita,Shawn Mendes,pop,117,55,76,-6,8,75,191,4,3,2019,Solo
If I Can't Have You,Shawn Mendes,pop,124,81,69,-4,15,86,191,52,6,2019,Solo
Lover,Taylor Swift,pop,69,54,36,-8,12,45,221,49,9,2019,Solo
Cruel Summer,Taylor Swift,pop,170,70,55,-6,11,56,178,12,16,2019,Solo
You Need To Calm Down,Taylor Swift,pop,85,67,77,-6,6,71,171,1,6,2019,Solo
Blurred Lines,Robin Thicke,r&b,120,50,86,-8,8,88,263,0,5,2013,Solo
Here,Alessia Cara,r&b,120,82,38,-4,8,33,199,8,10,2015,Solo
The Hills,The Weeknd,r&b,113,56,59,-7,14,14,242,7,5,2015,Solo
Can't Feel My Face,The Weeknd,r&b,108,77,71,-6,11,58,214,11,4,2015,Solo
"Earned It (Fifty Shades Of Grey) - From The ""Fifty Shades Of Grey"" Soundtrack",The Weeknd,r&b,120,38,66,-6,10,43,252,39,3,2015,Solo
In The Night,The Weeknd,r&b,168,68,51,-5,5,54,236,8,7,2015,Solo
Here,Alessia Cara,r&b,120,82,38,-4,8,33,199,8,10,2016,Solo
Starboy,The Weeknd,r&b,186,59,68,-7,14,49,230,14,28,2016,Solo
I Feel It Coming,The Weeknd,r&b,93,82,77,-6,7,59,269,43,12,2017,Solo
Call Out My Name,The Weeknd,r&b,134,59,46,-5,31,18,228,17,4,2018,Solo
Pray For Me (with Kendrick Lamar),The Weeknd,r&b,101,68,74,-5,11,19,211,8,9,2018,Solo
Down On Me,Jeremih,rap,160,60,70,-8,11,59,228,4,11,2011,Solo
All Of The Lights,Kanye West,rap,142,80,53,-3,18,22,300,8,7,2011,Solo
The Show Goes On,Lupe Fiasco,rap,143,89,59,-4,16,65,240,2,12,2011,Solo
Mercy,Kanye West,rap,140,50,56,-9,17,43,329,7,41,2012,Solo
Battle Scars (with Guy Sebastian),Lupe Fiasco,rap,168,81,52,-5,11,49,250,19,29,2012,Solo
Hands on the Wheel (feat. Asap Rocky),ScHoolboy Q,rap,128,78,65,-7,7,18,197,2,11,2012,Solo
Harlem Shake,Baauer,rap,138,79,45,-5,42,28,197,1,5,2013,Solo
Black Skinhead,Kanye West,rap,130,81,77,-6,17,33,188,0,28,2013,Solo
Bad (feat. Rihanna) - Remix,Wale,rap,114,70,81,-7,11,45,239,31,7,2013,Solo
Hot N*gga,Bobby Shmurda,rap,168,51,79,-7,6,18,195,5,42,2014,Solo
Don't Tell 'Em,Jeremih,rap,98,53,86,-5,11,39,267,39,10,2014,Solo
Somebody,Natalie La Rose,rap,105,52,83,-9,7,74,190,0,4,2014,Solo
Collard Greens,ScHoolboy Q,rap,154,57,83,-5,21,65,300,3,6,2014,Solo
Man Of The Year,ScHoolboy Q,rap,112,87,75,-5,20,37,216,1,4,2014,Solo
679 (feat. Remy Boyz),Fetty Wap,rap,190,72,62,-6,63,60,197,0,32,2015,Solo
Trap Queen,Fetty Wap,rap,148,87,75,-4,35,82,222,2,13,2015,Solo
My Way (feat. Monty),Fetty Wap,rap,128,74,75,-3,15,54,213,0,5,2015,Solo
oui,Jeremih,rap,79,72,42,-4,11,60,238,21,10,2015,Solo
Somebody,Natalie La Rose,rap,105,52,83,-9,7,74,190,0,4,2015,Solo
Chill Bill (feat. J. Davi$ & Spooks),Rob $tone,rap,108,43,89,-10,9,23,177,3,14,2015,Solo
Drowning (feat. Kodak Black),A Boogie Wit da Hoodie,rap,129,81,84,-5,12,81,209,50,6,2017,Solo
Plain Jane,A$AP Ferg,rap,170,84,80,-5,9,52,174,7,28,2017,Solo
Man's Not Hot,Big Shaq,rap,135,88,91,-4,11,59,186,11,24,2017,Solo
Unforgettable,French Montana,rap,98,77,73,-5,10,73,234,3,12,2017,Solo
Tunnel Vision,Kodak Black,rap,172,49,50,-8,12,23,268,6,29,2017,Solo
XO Tour Llif3,Lil Uzi Vert,rap,155,75,73,-6,11,40,183,0,23,2017,Solo
Congratulations,Post Malone,rap,123,80,63,-4,25,49,220,22,4,2017,Solo
I Fall Apart,Post Malone,rap,144,54,56,-5,20,29,223,7,4,2017,Solo
Chill Bill (feat. J. Davi$ & Spooks),Rob $tone,rap,108,43,89,-10,9,23,177,3,14,2017,Solo
Rake It Up (feat. Nicki Minaj),Yo Gotti,rap,150,44,91,-8,14,53,276,2,34,2017,Solo
Lucid Dreams,Juice WRLD,rap,84,57,51,-7,34,22,240,35,20,2018,Solo
Freaky Friday (feat. Chris Brown),Lil Dicky,rap,133,60,76,-5,11,76,217,15,22,2018,Solo
rockstar (feat. 21 Savage),Post Malone,rap,160,52,59,-6,13,13,218,12,7,2018,Solo
Better Now,Post Malone,rap,145,58,68,-6,14,34,231,33,4,2018,Solo
Psycho (feat. Ty Dolla $ign),Post Malone,rap,140,56,75,-8,11,46,221,55,11,2018,Solo
Mo Bamba,Sheck Wes,rap,146,63,73,-5,25,26,184,19,3,2018,Solo
"BIG BANK (feat. 2 Chainz, Big Sean, Nicki Minaj)",YG,rap,204,35,75,-8,9,11,237,1,33,2018,Solo
Swervin (feat. 6ix9ine),A Boogie Wit da Hoodie,rap,93,66,58,-5,11,43,189,2,30,2019,Solo
Look Back at It,A Boogie Wit da Hoodie,rap,96,59,79,-5,15,54,179,41,4,2019,Solo
Thotiana,Blueface,rap,104,38,91,-13,11,39,129,18,27,2019,Solo
Leave Me Alone,Flipp Dinero,rap,150,74,79,-3,18,74,196,11,9,2019,Solo
emotions,iann dior,rap,81,63,63,-6,14,16,131,1,4,2019,Solo
gone girl,iann dior,rap,95,71,68,-6,7,36,137,16,3,2019,Solo
Robbery,Juice WRLD,rap,80,69,62,-5,15,57,240,33,5,2019,Solo
ZEZE (feat. Travis Scott & Offset),Kodak Black,rap,98,60,86,-6,9,50,229,5,18,2019,Solo
Ransom,Lil Tecca,rap,180,64,75,-6,7,23,131,2,29,2019,Solo
Pure Water (with Migos),Mustard,rap,202,56,68,-6,34,14,192,17,13,2019,Solo
Pop Out (feat. Lil Tjay),Polo G,rap,168,64,77,-7,7,26,167,15,47,2019,Solo
Circles,Post Malone,rap,120,76,70,-3,9,55,215,19,4,2019,Solo
Better Now,Post Malone,rap,145,58,68,-6,14,34,231,33,4,2019,Solo
Sunflower - Spider-Man: Into the Spider-Verse,Post Malone,rap,90,52,76,-4,7,93,158,53,6,2019,Solo
Wow.,Post Malone,rap,100,54,83,-7,10,39,150,14,21,2019,Solo
Goodbyes (feat. Young Thug),Post Malone,rap,150,65,55,-4,10,16,175,46,8,2019,Solo
My Type,Saweetie,rap,105,81,90,-6,7,59,126,0,26,2019,Solo
Wavin' Flag,K'NAAN,other,76,70,63,-6,24,72,221,13,7,2010,Solo
Rude,MAGIC!,other,144,76,77,-5,31,93,225,4,4,2014,Band/Group
Animal,Neon Trees,rock,148,83,48,-6,37,74,212,0,4,2010,Band/Group
For the First Time,The Script,rock,174,63,40,-5,18,36,253,3,3,2010,Band/Group
What You Know,Two Door Cinema Club,rock,139,74,56,-4,8,78,192,0,4,2010,Band/Group
The Adventures of Rain Dance Maggie,Red Hot Chili Peppers,rock,106,73,68,-5,26,58,282,0,3,2011,Band/Group
Too Close,Alex Clare,rock,126,71,58,-4,11,29,257,1,4,2012,Solo
Breezeblocks,alt-J,rock,150,66,62,-7,21,29,227,10,3,2012,Band/Group
R U Mine?,Arctic Monkeys,rock,97,79,52,-5,70,68,200,5,3,2012,Band/Group
It's Time,Imagine Dragons,rock,105,88,66,-5,14,86,238,2,4,2012,Band/Group
On Top Of The World,Imagine Dragons,rock,100,93,64,-6,9,76,190,9,15,2012,Band/Group
Madness,Muse,rock,180,42,50,-8,11,22,281,13,7,2012,Band/Group
Everybody Talks,Neon Trees,rock,155,92,47,-4,31,73,177,0,6,2012,Band/Group
Why'd You Only Call Me When You're High?,Arctic Monkeys,rock,92,63,69,-6,10,80,161,5,4,2013,Band/Group
Do I Wanna Know?,Arctic Monkeys,rock,85,53,55,-8,22,41,272,19,3,2013,Band/Group
Demons,Imagine Dragons,rock,90,71,51,-3,33,43,175,19,3,2013,Band/Group
Radioactive,Imagine Dragons,rock,136,78,45,-4,67,24,187,11,6,2013,Band/Group
I Will Wait,Mumford & Sons,rock,131,76,48,-5,31,45,277,1,3,2013,Band/Group
Chocolate,The 1975,rock,100,94,59,-4,38,68,225,0,5,2013,Band/Group
Sweater Weather,The Neighbourhood,rock,124,81,61,-3,10,40,240,5,3,2013,Band/Group
First,Cold War Kids,rock,78,69,47,-4,52,56,200,2,3,2014,Band/Group
Superheroes,The Script,rock,167,89,49,-4,7,64,245,0,4,2014,Band/Group
Electric Love,BØRNS,rock,120,80,61,-8,26,52,218,1,5,2015,Solo
Mountain at My Gates,Foals,rock,104,93,50,-5,25,62,244,0,5,2015,Band/Group
Believe,Mumford & Sons,rock,114,62,36,-7,22,42,221,3,4,2015,Band/Group
Stressed Out,Twenty One Pilots,rock,170,64,73,-6,6,65,202,5,14,2015,Duo
Renegades,X Ambassadors,rock,90,86,53,-6,23,53,195,1,9,2015,Band/Group
Unsteady,X Ambassadors,rock,117,67,39,-6,12,20,194,18,6,2015,Band/Group
Somebody Else,The 1975,rock,101,79,61,-6,15,47,348,20,6,2016,Band/Group
The Sound,The 1975,rock,121,94,65,-5,45,55,249,9,8,2016,Band/Group
Renegades,X Ambassadors,rock,90,86,53,-6,23,53,195,1,9,2016,Band/Group
Unsteady,X Ambassadors,rock,117,67,39,-6,12,20,194,18,6,2016,Band/Group
Weak,AJR,rock,124,64,67,-5,19,70,201,12,5,2017,Trio
Believer,Imagine Dragons,rock,125,78,78,-4,8,67,204,6,13,2017,Band/Group
Thunder,Imagine Dragons,rock,168,82,61,-5,15,29,187,1,4,2017,Band/Group
Whatever It Takes,Imagine Dragons,rock,135,66,67,-5,12,56,201,4,3,2017,Band/Group
Feel It Still,Portugal. The Man,rock,79,80,80,-5,7,75,163,4,5,2017,Band/Group
Natural,Imagine Dragons,rock,100,61,70,-6,8,22,189,22,4,2018,Band/Group
It's Not Living (If It's Not With You),The 1975,rock,121,84,62,-5,6,53,248,0,3,2018,Band/Group
3 Nights,Dominic Fike,rock,152,52,82,-7,10,88,178,22,9,2019,Solo
High Hopes,Panic! At The Disco,rock,82,90,58,-3,6,68,191,19,6,2019,Band/Group
Bohemian Rhapsody - Remastered 2011,Queen,rock,144,40,39,-10,24,23,354,29,5,2019,Band/Group
When We Collide,Matt Cardle,other,82,68,44,-6,31,45,226,2,3,2010,Solo
Keisha & Becky - Remix,Russ Millions,pop,141,47,86,-10,12,64,253,25,48,2019,Solo
